Ca,Mg,K,S,N,Lime,C,P,Moisture,class
0.7,0.6,0.8,0.8,0.7,0.8,0.3,0.1,0.9,4
0.5,0.5,0.4,0.3,0.5,0.7,0.5,0.7,0.8,2
0.6,0.8,0.1,0.3,0.7,0.5,0.5,0.6,0.6,2
0.7,0.7,0.7,0.5,0.8,0.7,0.4,0.1,0.7,4
0.8,0.8,0.2,0.3,0.5,0.5,0.7,0.8,0.5,2
0.7,0.5,0.6,0.7,0.8,0.8,0.3,0.4,0.8,4
0.7,0.5,0.8,0.8,0.2,0.4,0.7,0.5,0.7,3
0.1,0.4,0.7,0.5,0.6,0.7,0.5,0.6,0.9,1
0.5,0.8,0.3,0.4,0.7,0.7,0.8,0.6,0.7,2
0.4,0.2,0.6,0.6,0.6,0.5,0.8,0.7,0.5,1
0.8,0.7,0.5,0.6,0.1,0.4,0.7,0.6,0.7,3
0.6,0.6,0.7,0.5,0.2,0.4,0.7,0.8,0.9,3
0.6,0.5,0.8,0.5,0.1,0.4,0.5,0.8,0.5,3
0.4,0.2,0.5,0.7,0.7,0.6,0.8,0.5,0.5,1
0.5,0.7,0.8,0.7,0.7,0.8,0.4,0.2,0.5,4
0.6,0.7,0.7,0.5,0.1,0.3,0.8,0.8,0.7,3
0.7,0.7,0.6,0.5,0.2,0.2,0.5,0.5,0.5,3
0.4,0.1,0.8,0.6,0.8,0.5,0.8,0.5,0.8,1
0.6,0.5,0.7,0.8,0.1,0.1,0.5,0.8,0.8,3
0.8,0.7,0.4,0.3,0.5,0.5,0.7,0.6,0.9,2
0.5,0.5,0.5,0.5,0.1,0.3,0.8,0.6,0.8,3
0.6,0.5,0.6,0.6,0.1,0.4,0.5,0.7,0.8,3
0.8,0.5,0.2,0.3,0.6,0.7,0.7,0.5,0.7,2
0.6,0.5,0.8,0.6,0.6,0.6,0.1,0.2,0.7,4
0.4,0.4,0.7,0.8,0.8,0.6,0.7,0.8,0.8,1
0.6,0.5,0.4,0.2,0.8,0.5,0.7,0.8,0.8,2
0.8,0.6,0.3,0.2,0.8,0.6,0.7,0.5,0.6,2
0.6,0.7,0.3,0.1,0.7,0.7,0.5,0.8,0.6,2
0.2,0.4,0.8,0.5,0.8,0.8,0.5,0.6,0.5,1
0.5,0.6,0.4,0.2,0.8,0.5,0.5,0.5,0.9,2
0.3,0.1,0.8,0.8,0.6,0.7,0.7,0.6,0.8,1
0.7,0.8,0.5,0.8,0.6,0.5,0.4,0.3,0.9,4
0.7,0.8,0.8,0.5,0.1,0.3,0.5,0.6,0.8,3
0.4,0.1,0.8,0.5,0.6,0.5,0.6,0.6,0.8,1
0.5,0.5,0.5,0.6,0.1,0.4,0.6,0.7,0.5,3
0.4,0.3,0.6,0.8,0.6,0.5,0.6,0.6,0.6,1
0.6,0.6,0.4,0.4,0.8,0.5,0.7,0.5,0.6,2
0.3,0.2,0.8,0.7,0.7,0.6,0.8,0.8,0.5,1
0.5,0.8,0.6,0.5,0.5,0.8,0.3,0.1,0.6,4
0.1,0.3,0.7,0.7,0.8,0.6,0.6,0.7,0.6,1
0.7,0.5,0.7,0.5,0.4,0.4,0.7,0.8,0.7,3
0.7,0.7,0.5,0.7,0.4,0.3,0.6,0.6,0.5,3
0.8,0.8,0.5,0.5,0.3,0.4,0.8,0.5,0.8,3
0.8,0.5,0.4,0.1,0.6,0.5,0.7,0.5,0.6,2
0.8,0.7,0.6,0.7,0.3,0.4,0.8,0.7,0.5,3
0.8,0.8,0.7,0.8,0.1,0.4,0.6,0.5,0.8,3
0.6,0.8,0.4,0.1,0.8,0.5,0.6,0.5,0.7,2
0.5,0.8,0.3,0.1,0.5,0.8,0.6,0.7,0.7,2
0.5,0.8,0.8,0.8,0.6,0.6,0.2,0.3,0.7,4
0.5,0.5,0.5,0.7,0.3,0.1,0.8,0.8,0.9,3
0.5,0.6,0.5,0.8,0.7,0.8,0.3,0.1,0.9,4
0.8,0.6,0.6,0.6,0.8,0.6,0.2,0.2,0.5,4
0.1,0.2,0.6,0.7,0.6,0.5,0.7,0.6,0.5,1
0.4,0.3,0.5,0.6,0.8,0.8,0.6,0.5,0.7,1
0.7,0.6,0.8,0.5,0.4,0.1,0.5,0.6,0.7,3
0.7,0.7,0.7,0.5,0.4,0.1,0.8,0.8,0.9,3
0.5,0.5,0.5,0.8,0.3,0.4,0.5,0.7,0.7,3
0.3,0.3,0.5,0.8,0.8,0.7,0.7,0.6,0.5,1
0.8,0.5,0.6,0.7,0.1,0.1,0.8,0.8,0.8,3
0.8,0.5,0.1,0.1,0.5,0.6,0.6,0.5,0.6,2
0.7,0.6,0.1,0.2,0.7,0.7,0.7,0.6,0.5,2
0.2,0.3,0.8,0.6,0.8,0.8,0.6,0.7,0.5,1
0.6,0.8,0.3,0.4,0.8,0.7,0.7,0.5,0.9,2
0.6,0.6,0.5,0.5,0.2,0.2,0.5,0.8,0.9,3
0.8,0.8,0.8,0.7,0.3,0.4,0.5,0.6,0.6,3
0.6,0.5,0.5,0.7,0.8,0.5,0.3,0.3,0.5,4
0.6,0.8,0.4,0.2,0.5,0.5,0.8,0.5,0.6,2
0.8,0.8,0.6,0.8,0.5,0.6,0.2,0.2,0.8,4
0.6,0.8,0.7,0.5,0.6,0.6,0.2,0.4,0.6,4
0.5,0.7,0.3,0.3,0.5,0.6,0.5,0.8,0.6,2
0.8,0.5,0.6,0.6,0.1,0.2,0.6,0.7,0.7,3
0.7,0.8,0.8,0.5,0.1,0.1,0.5,0.7,0.5,3
0.8,0.7,0.5,0.6,0.4,0.3,0.6,0.8,0.5,3
0.7,0.8,0.5,0.5,0.4,0.4,0.6,0.6,0.8,3
0.7,0.6,0.5,0.5,0.1,0.2,0.6,0.5,0.6,3
0.6,0.6,0.8,0.5,0.1,0.2,0.8,0.7,0.7,3
0.4,0.2,0.8,0.6,0.7,0.5,0.8,0.8,0.5,1
0.1,0.3,0.7,0.8,0.7,0.6,0.7,0.7,0.9,1
0.8,0.8,0.3,0.3,0.6,0.7,0.5,0.8,0.9,2
0.8,0.5,0.4,0.4,0.5,0.5,0.6,0.7,0.7,2
0.8,0.7,0.8,0.7,0.1,0.1,0.6,0.8,0.9,3
0.6,0.8,0.7,0.5,0.1,0.4,0.5,0.5,0.7,3
0.7,0.6,0.6,0.5,0.3,0.4,0.5,0.6,0.8,3
0.7,0.5,0.4,0.3,0.6,0.8,0.8,0.6,0.7,2
0.3,0.2,0.7,0.5,0.7,0.6,0.6,0.5,0.5,1
0.6,0.7,0.4,0.2,0.5,0.7,0.8,0.7,0.9,2
0.1,0.3,0.7,0.5,0.8,0.5,0.6,0.7,0.9,1
0.8,0.5,0.8,0.6,0.6,0.5,0.3,0.3,0.5,4
0.8,0.6,0.3,0.3,0.6,0.6,0.6,0.5,0.5,2
0.6,0.7,0.5,0.5,0.1,0.2,0.7,0.5,0.9,3
0.5,0.7,0.8,0.7,0.3,0.3,0.8,0.5,0.8,3
0.7,0.8,0.8,0.7,0.6,0.6,0.2,0.4,0.6,4
0.7,0.8,0.8,0.8,0.1,0.2,0.5,0.7,0.9,3
0.7,0.5,0.6,0.8,0.2,0.1,0.5,0.7,0.7,3
0.6,0.7,0.3,0.1,0.8,0.5,0.7,0.8,0.9,2
0.4,0.2,0.5,0.6,0.8,0.5,0.7,0.8,0.5,1
0.7,0.7,0.1,0.4,0.7,0.8,0.6,0.8,0.5,2
0.7,0.8,0.7,0.8,0.6,0.5,0.2,0.4,0.8,4
0.1,0.1,0.5,0.5,0.5,0.8,0.7,0.8,0.7,1
0.5,0.6,0.6,0.6,0.3,0.4,0.6,0.7,0.6,3
0.4,0.2,0.8,0.7,0.7,0.8,0.5,0.6,0.7,1
0.8,0.8,0.5,0.7,0.7,0.8,0.4,0.4,0.5,4
0.5,0.5,0.8,0.8,0.6,0.8,0.1,0.4,0.5,4
0.5,0.6,0.7,0.8,0.3,0.2,0.6,0.7,0.6,3
0.1,0.4,0.5,0.8,0.8,0.7,0.6,0.6,0.6,1
0.6,0.5,0.8,0.7,0.6,0.6,0.1,0.4,0.8,4
0.7,0.5,0.8,0.5,0.2,0.1,0.7,0.8,0.5,3
0.7,0.6,0.8,0.7,0.7,0.6,0.4,0.3,0.5,4
0.4,0.1,0.6,0.5,0.7,0.7,0.5,0.5,0.9,1
0.5,0.8,0.4,0.2,0.8,0.5,0.5,0.6,0.9,2
0.8,0.5,0.6,0.5,0.5,0.5,0.4,0.1,0.6,4
0.8,0.8,0.8,0.8,0.4,0.2,0.6,0.7,0.9,3
0.7,0.8,0.8,0.6,0.7,0.6,0.1,0.4,0.8,4
0.8,0.8,0.2,0.1,0.8,0.5,0.5,0.8,0.6,2
0.3,0.3,0.7,0.8,0.8,0.7,0.7,0.6,0.9,1
0.5,0.6,0.7,0.6,0.5,0.8,0.3,0.2,0.7,4
0.8,0.5,0.1,0.1,0.6,0.8,0.6,0.7,0.5,2
0.7,0.5,0.8,0.6,0.5,0.8,0.2,0.3,0.5,4
0.7,0.5,0.5,0.5,0.2,0.3,0.6,0.6,0.8,3
0.8,0.8,0.2,0.2,0.8,0.5,0.5,0.7,0.7,2
0.7,0.7,0.8,0.8,0.5,0.7,0.3,0.3,0.9,4
0.7,0.7,0.8,0.6,0.4,0.2,0.8,0.6,0.7,3
0.2,0.3,0.5,0.6,0.8,0.5,0.8,0.6,0.7,1
0.6,0.8,0.7,0.6,0.2,0.1,0.7,0.8,0.8,3
0.2,0.2,0.8,0.7,0.6,0.6,0.7,0.5,0.7,1
0.5,0.6,0.5,0.6,0.6,0.6,0.1,0.4,0.6,4
0.8,0.5,0.2,0.2,0.8,0.7,0.7,0.7,0.7,2
0.1,0.4,0.7,0.5,0.8,0.6,0.7,0.8,0.7,1
0.8,0.5,0.6,0.8,0.5,0.5,0.4,0.4,0.9,4
0.3,0.1,0.6,0.8,0.5,0.5,0.7,0.7,0.6,1
0.7,0.5,0.5,0.6,0.6,0.7,0.3,0.4,0.9,4
0.6,0.7,0.2,0.4,0.6,0.5,0.7,0.5,0.9,2
0.8,0.8,0.6,0.6,0.2,0.2,0.7,0.5,0.5,3
0.4,0.2,0.7,0.6,0.8,0.7,0.7,0.8,0.5,1
0.5,0.5,0.2,0.4,0.5,0.5,0.8,0.8,0.6,2
0.7,0.7,0.6,0.6,0.2,0.2,0.7,0.7,0.6,3
0.7,0.8,0.2,0.2,0.7,0.7,0.8,0.6,0.9,2
0.5,0.8,0.8,0.7,0.2,0.2,0.7,0.7,0.5,3
0.2,0.1,0.6,0.7,0.8,0.5,0.7,0.8,0.5,1
0.5,0.6,0.7,0.5,0.6,0.7,0.2,0.2,0.7,4
0.1,0.4,0.8,0.6,0.8,0.8,0.8,0.7,0.9,1
0.6,0.8,0.7,0.6,0.2,0.1,0.6,0.8,0.8,3
0.7,0.6,0.8,0.8,0.8,0.8,0.2,0.2,0.5,4
0.6,0.7,0.7,0.6,0.7,0.5,0.1,0.1,0.5,4
0.1,0.1,0.7,0.7,0.6,0.8,0.5,0.5,0.8,1
0.8,0.7,0.8,0.8,0.8,0.7,0.4,0.3,0.9,4
0.8,0.8,0.6,0.7,0.1,0.3,0.7,0.5,0.5,3
0.7,0.5,0.2,0.1,0.5,0.6,0.5,0.5,0.8,2
0.5,0.5,0.1,0.1,0.5,0.5,0.6,0.6,0.5,2
0.3,0.1,0.5,0.6,0.7,0.5,0.5,0.8,0.8,1
0.5,0.6,0.2,0.2,0.6,0.6,0.8,0.8,0.8,2
0.7,0.6,0.6,0.5,0.2,0.4,0.8,0.7,0.8,3
0.1,0.3,0.7,0.7,0.8,0.5,0.8,0.5,0.6,1
0.2,0.1,0.7,0.7,0.6,0.7,0.6,0.6,0.8,1
0.4,0.3,0.5,0.8,0.7,0.8,0.7,0.7,0.8,1
0.5,0.7,0.2,0.3,0.8,0.6,0.5,0.7,0.5,2
0.7,0.5,0.8,0.6,0.1,0.2,0.8,0.7,0.8,3
0.7,0.7,0.2,0.2,0.5,0.5,0.6,0.8,0.7,2
0.5,0.7,0.1,0.4,0.5,0.7,0.5,0.5,0.5,2
0.6,0.6,0.3,0.1,0.8,0.8,0.8,0.7,0.9,2
0.3,0.2,0.8,0.5,0.6,0.7,0.6,0.6,0.6,1
0.4,0.3,0.8,0.8,0.5,0.8,0.7,0.7,0.7,1
0.5,0.5,0.1,0.1,0.8,0.6,0.8,0.6,0.8,2
0.8,0.5,0.6,0.7,0.4,0.1,0.6,0.7,0.9,3
0.7,0.8,0.8,0.5,0.8,0.8,0.1,0.2,0.5,4
0.7,0.7,0.8,0.7,0.6,0.5,0.1,0.1,0.6,4
0.8,0.7,0.8,0.5,0.1,0.1,0.6,0.8,0.5,3
0.5,0.5,0.6,0.5,0.4,0.2,0.5,0.7,0.9,3
0.8,0.8,0.8,0.5,0.1,0.3,0.6,0.6,0.5,3
0.7,0.6,0.7,0.5,0.1,0.1,0.5,0.7,0.5,3
0.3,0.3,0.6,0.6,0.7,0.7,0.8,0.7,0.6,1
0.7,0.5,0.8,0.5,0.5,0.8,0.2,0.3,0.7,4
0.6,0.8,0.7,0.5,0.4,0.3,0.7,0.5,0.5,3
0.4,0.4,0.6,0.8,0.7,0.8,0.6,0.6,0.6,1
0.7,0.8,0.7,0.7,0.1,0.4,0.6,0.5,0.5,3
0.6,0.5,0.8,0.7,0.4,0.3,0.6,0.5,0.9,3
0.1,0.1,0.7,0.8,0.6,0.6,0.6,0.5,0.6,1
0.7,0.6,0.6,0.7,0.3,0.2,0.7,0.5,0.9,3
0.7,0.8,0.4,0.4,0.8,0.8,0.5,0.8,0.7,2
0.3,0.1,0.8,0.6,0.5,0.7,0.7,0.8,0.7,1
0.3,0.4,0.8,0.5,0.8,0.7,0.7,0.5,0.9,1
0.3,0.4,0.7,0.8,0.7,0.5,0.5,0.7,0.6,1
0.2,0.3,0.6,0.8,0.7,0.8,0.7,0.8,0.7,1
0.6,0.5,0.5,0.6,0.5,0.6,0.4,0.2,0.5,4
0.8,0.8,0.4,0.4,0.5,0.8,0.6,0.7,0.7,2
0.3,0.2,0.8,0.6,0.7,0.7,0.6,0.5,0.7,1
0.8,0.6,0.3,0.2,0.8,0.7,0.6,0.8,0.7,2
0.7,0.5,0.8,0.8,0.3,0.1,0.5,0.7,0.5,3
0.8,0.8,0.7,0.5,0.6,0.7,0.1,0.4,0.6,4
0.8,0.8,0.3,0.4,0.6,0.7,0.8,0.7,0.7,2
0.8,0.6,0.8,0.6,0.6,0.8,0.3,0.3,0.6,4
0.6,0.8,0.8,0.6,0.8,0.6,0.2,0.2,0.8,4
0.3,0.1,0.5,0.8,0.5,0.6,0.7,0.5,0.7,1
0.7,0.8,0.2,0.2,0.6,0.5,0.5,0.8,0.6,2
0.7,0.8,0.7,0.7,0.3,0.4,0.7,0.8,0.9,3
0.7,0.8,0.8,0.5,0.5,0.5,0.2,0.4,0.6,4
0.8,0.5,0.6,0.6,0.4,0.3,0.5,0.8,0.6,3
0.8,0.7,0.4,0.1,0.8,0.5,0.5,0.5,0.7,2
0.8,0.5,0.8,0.7,0.3,0.2,0.7,0.7,0.7,3
0.1,0.2,0.8,0.5,0.5,0.7,0.6,0.5,0.9,1
0.7,0.7,0.8,0.6,0.4,0.2,0.6,0.5,0.9,3
0.6,0.7,0.5,0.8,0.8,0.8,0.3,0.1,0.5,4
0.5,0.7,0.1,0.1,0.8,0.6,0.8,0.8,0.5,2
0.8,0.5,0.3,0.1,0.7,0.5,0.8,0.7,0.8,2
0.1,0.3,0.8,0.7,0.6,0.5,0.6,0.5,0.6,1
0.7,0.8,0.6,0.6,0.5,0.6,0.1,0.2,0.9,4
0.6,0.7,0.8,0.5,0.1,0.2,0.5,0.8,0.9,3
0.3,0.2,0.6,0.7,0.5,0.7,0.8,0.6,0.6,1
0.8,0.7,0.8,0.8,0.3,0.1,0.6,0.5,0.9,3
0.7,0.8,0.8,0.6,0.7,0.5,0.2,0.4,0.8,4
0.8,0.8,0.6,0.8,0.4,0.1,0.6,0.6,0.7,3
0.7,0.7,0.1,0.2,0.7,0.8,0.5,0.5,0.6,2
0.8,0.8,0.7,0.8,0.3,0.1,0.5,0.5,0.9,3
0.6,0.8,0.6,0.7,0.6,0.7,0.3,0.3,0.7,4
0.8,0.5,0.1,0.1,0.8,0.5,0.5,0.5,0.5,2
0.7,0.8,0.1,0.2,0.5,0.7,0.7,0.8,0.9,2
0.3,0.1,0.6,0.7,0.6,0.5,0.8,0.7,0.9,1
0.8,0.8,0.6,0.7,0.7,0.7,0.3,0.3,0.9,4
0.7,0.5,0.1,0.1,0.8,0.6,0.7,0.6,0.6,2
0.7,0.8,0.8,0.6,0.7,0.6,0.3,0.3,0.5,4
0.8,0.6,0.6,0.5,0.2,0.3,0.8,0.7,0.9,3
0.8,0.6,0.5,0.6,0.1,0.4,0.7,0.8,0.8,3
0.5,0.8,0.1,0.3,0.8,0.5,0.5,0.6,0.7,2
0.3,0.4,0.7,0.8,0.6,0.7,0.8,0.7,0.7,1
0.1,0.4,0.8,0.8,0.6,0.8,0.6,0.8,0.6,1
0.5,0.8,0.5,0.7,0.4,0.2,0.8,0.7,0.6,3
0.6,0.8,0.8,0.7,0.8,0.8,0.3,0.4,0.6,4
0.3,0.4,0.5,0.7,0.5,0.5,0.6,0.8,0.8,1
0.5,0.7,0.8,0.8,0.3,0.1,0.6,0.7,0.6,3
0.8,0.7,0.7,0.7,0.5,0.7,0.2,0.2,0.5,4
0.7,0.8,0.7,0.5,0.6,0.8,0.3,0.1,0.6,4
0.3,0.1,0.5,0.5,0.8,0.5,0.5,0.7,0.9,1
0.6,0.5,0.7,0.5,0.7,0.8,0.1,0.4,0.5,4
0.8,0.6,0.6,0.5,0.4,0.2,0.5,0.6,0.7,3
0.3,0.2,0.6,0.8,0.6,0.5,0.7,0.5,0.8,1
0.5,0.7,0.6,0.6,0.4,0.4,0.8,0.7,0.7,3
0.7,0.5,0.7,0.8,0.1,0.4,0.6,0.8,0.8,3
0.7,0.7,0.4,0.2,0.8,0.5,0.5,0.7,0.9,2
0.6,0.5,0.5,0.7,0.1,0.2,0.6,0.7,0.9,3
0.1,0.1,0.8,0.7,0.8,0.8,0.6,0.5,0.6,1
0.5,0.5,0.2,0.4,0.7,0.6,0.7,0.8,0.9,2
0.6,0.7,0.6,0.6,0.6,0.7,0.1,0.1,0.6,4
0.5,0.5,0.8,0.8,0.6,0.6,0.1,0.4,0.6,4
0.8,0.6,0.6,0.8,0.7,0.8,0.2,0.2,0.6,4
0.7,0.6,0.5,0.7,0.6,0.7,0.3,0.3,0.9,4
0.6,0.7,0.8,0.5,0.6,0.5,0.1,0.3,0.7,4
0.4,0.3,0.7,0.6,0.6,0.7,0.5,0.8,0.8,1
0.8,0.8,0.4,0.3,0.6,0.7,0.7,0.8,0.8,2
0.4,0.3,0.7,0.5,0.8,0.8,0.5,0.6,0.8,1
0.7,0.7,0.7,0.5,0.5,0.7,0.2,0.4,0.7,4
0.5,0.8,0.8,0.8,0.1,0.1,0.6,0.5,0.9,3
0.5,0.7,0.6,0.7,0.6,0.5,0.1,0.4,0.5,4
0.3,0.1,0.8,0.7,0.6,0.6,0.5,0.8,0.9,1
0.6,0.8,0.4,0.4,0.8,0.8,0.8,0.6,0.7,2
0.7,0.7,0.8,0.8,0.6,0.7,0.2,0.2,0.5,4
0.4,0.3,0.6,0.8,0.7,0.6,0.8,0.5,0.8,1
0.7,0.6,0.5,0.7,0.7,0.8,0.1,0.1,0.8,4
0.7,0.5,0.8,0.5,0.1,0.3,0.8,0.5,0.7,3
0.2,0.2,0.7,0.5,0.7,0.6,0.8,0.8,0.8,1
0.7,0.7,0.6,0.5,0.6,0.7,0.2,0.4,0.7,4
0.7,0.7,0.6,0.5,0.2,0.3,0.8,0.8,0.6,3
0.5,0.5,0.5,0.6,0.1,0.4,0.6,0.8,0.8,3
0.6,0.5,0.6,0.6,0.8,0.7,0.1,0.3,0.5,4
0.4,0.4,0.7,0.6,0.6,0.7,0.5,0.6,0.6,1
0.6,0.5,0.7,0.7,0.3,0.2,0.6,0.5,0.7,3
0.8,0.6,0.7,0.8,0.2,0.2,0.5,0.5,0.5,3
0.4,0.3,0.5,0.8,0.8,0.7,0.6,0.7,0.7,1
0.7,0.7,0.4,0.4,0.6,0.5,0.6,0.5,0.9,2
0.7,0.6,0.7,0.7,0.7,0.5,0.3,0.3,0.8,4
0.5,0.6,0.6,0.7,0.2,0.4,0.7,0.8,0.8,3
0.6,0.8,0.8,0.8,0.4,0.2,0.7,0.5,0.8,3
0.5,0.8,0.3,0.1,0.8,0.6,0.5,0.5,0.7,2
0.5,0.7,0.6,0.6,0.1,0.4,0.6,0.5,0.8,3
0.8,0.6,0.6,0.6,0.7,0.5,0.3,0.1,0.5,4
0.6,0.7,0.6,0.8,0.1,0.4,0.6,0.6,0.7,3
0.2,0.4,0.7,0.5,0.5,0.8,0.7,0.8,0.5,1
0.5,0.5,0.5,0.5,0.7,0.8,0.1,0.4,0.5,4
0.8,0.6,0.8,0.5,0.4,0.4,0.8,0.7,0.5,3
0.4,0.1,0.5,0.7,0.7,0.5,0.5,0.5,0.8,1
0.6,0.5,0.6,0.6,0.3,0.2,0.7,0.5,0.8,3
0.6,0.6,0.8,0.8,0.6,0.6,0.2,0.3,0.7,4
0.1,0.3,0.5,0.7,0.8,0.7,0.5,0.8,0.6,1
0.7,0.7,0.6,0.7,0.7,0.7,0.4,0.3,0.8,4
0.7,0.7,0.8,0.6,0.6,0.5,0.1,0.2,0.8,4
0.8,0.7,0.7,0.8,0.8,0.6,0.1,0.2,0.9,4
0.6,0.5,0.7,0.8,0.8,0.5,0.3,0.3,0.7,4
0.6,0.8,0.6,0.5,0.2,0.1,0.7,0.8,0.6,3
0.5,0.7,0.7,0.6,0.1,0.3,0.7,0.6,0.8,3
0.7,0.8,0.8,0.5,0.5,0.6,0.2,0.4,0.5,4
0.8,0.6,0.7,0.5,0.5,0.5,0.4,0.3,0.6,4
0.8,0.7,0.6,0.6,0.4,0.2,0.8,0.6,0.6,3
0.5,0.6,0.5,0.6,0.2,0.1,0.7,0.7,0.8,3
0.2,0.4,0.8,0.7,0.8,0.6,0.7,0.8,0.8,1
0.8,0.7,0.3,0.3,0.8,0.5,0.7,0.7,0.8,2
0.2,0.4,0.6,0.6,0.5,0.8,0.7,0.6,0.8,1
0.7,0.8,0.7,0.5,0.6,0.6,0.3,0.3,0.7,4
0.7,0.6,0.8,0.5,0.3,0.3,0.6,0.6,0.5,3
0.7,0.5,0.8,0.7,0.1,0.3,0.6,0.7,0.8,3
0.8,0.7,0.7,0.5,0.5,0.6,0.1,0.3,0.6,4
0.7,0.6,0.8,0.5,0.4,0.3,0.6,0.7,0.8,3
0.8,0.8,0.4,0.2,0.6,0.5,0.6,0.5,0.8,2
0.7,0.5,0.7,0.7,0.7,0.8,0.4,0.4,0.6,4
0.5,0.6,0.8,0.7,0.6,0.7,0.2,0.1,0.5,4
0.5,0.5,0.7,0.7,0.1,0.4,0.7,0.6,0.5,3
0.6,0.6,0.6,0.6,0.8,0.5,0.4,0.3,0.5,4
0.7,0.8,0.8,0.7,0.8,0.5,0.4,0.1,0.8,4
0.6,0.8,0.2,0.2,0.8,0.8,0.8,0.6,0.9,2
0.8,0.6,0.6,0.6,0.5,0.6,0.3,0.1,0.6,4
0.3,0.3,0.5,0.6,0.8,0.8,0.8,0.7,0.9,1
0.7,0.8,0.6,0.8,0.7,0.5,0.4,0.2,0.7,4
0.1,0.4,0.5,0.8,0.7,0.5,0.7,0.8,0.7,1
0.5,0.7,0.4,0.3,0.8,0.5,0.7,0.6,0.6,2
0.6,0.7,0.8,0.7,0.3,0.2,0.7,0.5,0.7,3
0.6,0.5,0.7,0.5,0.7,0.8,0.1,0.4,0.9,4
0.6,0.8,0.4,0.1,0.7,0.7,0.8,0.5,0.8,2
0.8,0.5,0.7,0.7,0.5,0.8,0.1,0.1,0.7,4
0.5,0.8,0.5,0.7,0.5,0.8,0.3,0.3,0.9,4
0.5,0.8,0.8,0.6,0.6,0.6,0.1,0.2,0.9,4
0.5,0.6,0.4,0.4,0.6,0.7,0.7,0.5,0.5,2
0.7,0.8,0.6,0.6,0.8,0.5,0.2,0.4,0.6,4
0.4,0.3,0.5,0.5,0.8,0.8,0.6,0.7,0.5,1
0.6,0.6,0.1,0.2,0.5,0.7,0.6,0.6,0.7,2
0.8,0.6,0.6,0.6,0.2,0.2,0.8,0.7,0.6,3
0.8,0.6,0.5,0.8,0.8,0.7,0.4,0.2,0.9,4
0.8,0.6,0.7,0.6,0.7,0.6,0.1,0.3,0.5,4
0.1,0.2,0.8,0.6,0.8,0.6,0.5,0.5,0.6,1
0.7,0.7,0.5,0.7,0.3,0.3,0.7,0.6,0.5,3
0.6,0.5,0.4,0.3,0.6,0.8,0.7,0.5,0.9,2
0.4,0.1,0.5,0.7,0.7,0.5,0.6,0.7,0.5,1
0.5,0.5,0.1,0.2,0.5,0.8,0.5,0.6,0.7,2
0.5,0.8,0.7,0.8,0.5,0.8,0.4,0.4,0.6,4
0.6,0.7,0.6,0.7,0.3,0.4,0.5,0.8,0.7,3
0.3,0.1,0.6,0.5,0.8,0.7,0.5,0.5,0.5,1
0.8,0.7,0.7,0.8,0.6,0.6,0.1,0.4,0.9,4
0.5,0.6,0.8,0.7,0.5,0.6,0.1,0.1,0.5,4
0.5,0.8,0.1,0.4,0.6,0.8,0.6,0.8,0.7,2
0.1,0.1,0.6,0.7,0.7,0.8,0.8,0.6,0.5,1
0.6,0.7,0.8,0.8,0.6,0.7,0.3,0.2,0.9,4
0.1,0.2,0.6,0.5,0.8,0.6,0.5,0.5,0.8,1
0.2,0.3,0.5,0.8,0.8,0.5,0.6,0.6,0.8,1
0.5,0.5,0.8,0.5,0.4,0.2,0.6,0.7,0.5,3
0.4,0.1,0.6,0.6,0.8,0.6,0.5,0.6,0.9,1
0.5,0.5,0.5,0.5,0.1,0.3,0.7,0.8,0.6,3
0.1,0.3,0.8,0.8,0.5,0.8,0.6,0.6,0.6,1
0.6,0.6,0.1,0.1,0.5,0.7,0.7,0.6,0.6,2
0.1,0.2,0.7,0.6,0.6,0.7,0.5,0.5,0.7,1
0.5,0.8,0.7,0.6,0.3,0.3,0.7,0.7,0.5,3
0.8,0.8,0.1,0.2,0.6,0.8,0.6,0.6,0.9,2
0.3,0.2,0.8,0.6,0.7,0.8,0.5,0.7,0.5,1
0.6,0.8,0.8,0.7,0.2,0.4,0.8,0.6,0.7,3
0.6,0.7,0.1,0.1,0.8,0.6,0.8,0.5,0.8,2
0.7,0.7,0.5,0.5,0.6,0.6,0.2,0.4,0.9,4
0.2,0.4,0.7,0.5,0.8,0.8,0.8,0.8,0.7,1
0.4,0.2,0.8,0.5,0.8,0.5,0.6,0.7,0.7,1
0.7,0.5,0.5,0.8,0.3,0.4,0.7,0.5,0.6,3
0.8,0.6,0.5,0.7,0.1,0.4,0.6,0.7,0.7,3
0.8,0.6,0.1,0.4,0.7,0.8,0.7,0.7,0.5,2
0.7,0.5,0.7,0.5,0.5,0.7,0.1,0.1,0.6,4
0.5,0.7,0.6,0.8,0.7,0.6,0.2,0.2,0.7,4
0.2,0.3,0.8,0.6,0.7,0.6,0.6,0.6,0.8,1
0.6,0.7,0.3,0.4,0.5,0.6,0.6,0.5,0.5,2
0.6,0.7,0.4,0.2,0.5,0.5,0.8,0.8,0.7,2
0.8,0.6,0.5,0.6,0.4,0.3,0.7,0.7,0.9,3
0.7,0.5,0.6,0.8,0.2,0.2,0.7,0.7,0.8,3
0.7,0.8,0.5,0.7,0.8,0.7,0.3,0.2,0.8,4
0.8,0.5,0.6,0.6,0.5,0.8,0.3,0.2,0.9,4
0.6,0.8,0.4,0.4,0.8,0.8,0.8,0.6,0.9,2
0.7,0.8,0.7,0.7,0.7,0.6,0.1,0.2,0.9,4
0.2,0.3,0.6,0.5,0.6,0.6,0.8,0.6,0.8,1
0.2,0.4,0.5,0.6,0.8,0.6,0.7,0.8,0.6,1
0.5,0.8,0.5,0.6,0.5,0.7,0.2,0.1,0.5,4
0.2,0.3,0.7,0.8,0.6,0.7,0.7,0.6,0.8,1
0.2,0.4,0.6,0.6,0.8,0.6,0.5,0.7,0.8,1
0.6,0.8,0.8,0.7,0.2,0.2,0.7,0.8,0.7,3
0.8,0.7,0.8,0.7,0.5,0.5,0.3,0.3,0.8,4
0.6,0.8,0.3,0.4,0.7,0.6,0.8,0.6,0.7,2
0.8,0.8,0.8,0.7,0.1,0.1,0.7,0.8,0.7,3
0.3,0.4,0.5,0.5,0.5,0.6,0.7,0.6,0.6,1
0.5,0.5,0.7,0.5,0.5,0.7,0.3,0.3,0.6,4
0.5,0.5,0.3,0.4,0.6,0.7,0.6,0.6,0.5,2
0.8,0.8,0.7,0.6,0.8,0.6,0.3,0.1,0.8,4
0.5,0.5,0.8,0.5,0.7,0.6,0.3,0.2,0.8,4
0.7,0.7,0.7,0.5,0.5,0.8,0.2,0.3,0.7,4
0.5,0.5,0.7,0.8,0.8,0.8,0.1,0.4,0.9,4
0.1,0.3,0.8,0.6,0.5,0.5,0.8,0.5,0.6,1
0.5,0.7,0.7,0.6,0.5,0.5,0.3,0.2,0.9,4
0.5,0.5,0.6,0.5,0.1,0.4,0.8,0.5,0.9,3
0.6,0.6,0.1,0.1,0.6,0.6,0.5,0.7,0.6,2
0.7,0.8,0.6,0.6,0.4,0.3,0.5,0.5,0.5,3
0.7,0.5,0.8,0.8,0.8,0.7,0.1,0.3,0.5,4
0.8,0.5,0.8,0.5,0.8,0.8,0.2,0.2,0.7,4
0.5,0.5,0.7,0.8,0.5,0.6,0.3,0.3,0.6,4
0.3,0.1,0.8,0.8,0.8,0.6,0.7,0.6,0.9,1
0.8,0.7,0.7,0.7,0.3,0.2,0.7,0.7,0.7,3
0.7,0.5,0.3,0.1,0.7,0.7,0.5,0.7,0.6,2
0.5,0.8,0.8,0.8,0.2,0.2,0.5,0.8,0.7,3
0.1,0.4,0.5,0.5,0.6,0.8,0.6,0.5,0.5,1
0.7,0.8,0.2,0.1,0.6,0.8,0.6,0.5,0.7,2
0.6,0.6,0.6,0.7,0.3,0.2,0.6,0.8,0.7,3
0.6,0.6,0.2,0.4,0.6,0.5,0.5,0.8,0.5,2
0.7,0.8,0.6,0.5,0.3,0.1,0.7,0.8,0.8,3
0.7,0.6,0.1,0.1,0.8,0.8,0.5,0.7,0.7,2
0.5,0.8,0.6,0.7,0.3,0.2,0.6,0.8,0.7,3
0.8,0.6,0.2,0.2,0.6,0.8,0.6,0.7,0.9,2
0.5,0.8,0.7,0.8,0.8,0.8,0.2,0.3,0.7,4
0.8,0.8,0.5,0.7,0.8,0.6,0.1,0.1,0.5,4
0.8,0.5,0.7,0.7,0.2,0.2,0.5,0.7,0.7,3
0.7,0.7,0.7,0.7,0.2,0.3,0.8,0.7,0.6,3
0.3,0.4,0.5,0.7,0.6,0.6,0.6,0.5,0.5,1
0.1,0.4,0.5,0.8,0.6,0.6,0.6,0.7,0.8,1
0.5,0.5,0.5,0.5,0.5,0.5,0.4,0.4,0.5,4
0.7,0.7,0.2,0.3,0.6,0.7,0.7,0.6,0.7,2
0.7,0.6,0.6,0.6,0.1,0.4,0.7,0.8,0.7,3
0.7,0.8,0.8,0.6,0.6,0.8,0.1,0.3,0.5,4
0.5,0.5,0.5,0.6,0.6,0.5,0.1,0.3,0.5,4
0.8,0.8,0.8,0.8,0.1,0.3,0.8,0.6,0.8,3
0.5,0.5,0.7,0.5,0.3,0.3,0.5,0.5,0.5,3
0.5,0.6,0.6,0.6,0.8,0.6,0.2,0.2,0.7,4
0.7,0.7,0.7,0.5,0.4,0.3,0.7,0.5,0.5,3
0.1,0.3,0.5,0.6,0.6,0.6,0.5,0.5,0.5,1
0.1,0.4,0.6,0.7,0.5,0.5,0.5,0.7,0.8,1
0.2,0.3,0.6,0.7,0.7,0.8,0.5,0.6,0.9,1
0.8,0.6,0.4,0.3,0.5,0.6,0.8,0.6,0.6,2
0.5,0.6,0.2,0.4,0.8,0.5,0.7,0.7,0.8,2
0.7,0.6,0.7,0.5,0.3,0.4,0.5,0.7,0.6,3
0.5,0.8,0.3,0.3,0.5,0.7,0.8,0.6,0.5,2
0.5,0.8,0.6,0.8,0.1,0.1,0.5,0.5,0.6,3
0.6,0.8,0.6,0.6,0.6,0.6,0.1,0.1,0.6,4
0.7,0.6,0.6,0.7,0.8,0.6,0.2,0.3,0.9,4
0.8,0.6,0.4,0.3,0.8,0.6,0.8,0.8,0.9,2
0.2,0.4,0.8,0.7,0.6,0.6,0.6,0.7,0.5,1
0.2,0.2,0.8,0.8,0.7,0.7,0.5,0.6,0.5,1
0.1,0.4,0.5,0.6,0.6,0.6,0.6,0.6,0.6,1
0.8,0.6,0.6,0.7,0.1,0.1,0.8,0.6,0.6,3
0.7,0.5,0.2,0.2,0.6,0.7,0.7,0.8,0.6,2
0.7,0.8,0.4,0.4,0.7,0.7,0.5,0.7,0.6,2
0.8,0.8,0.5,0.6,0.1,0.3,0.7,0.7,0.5,3
0.6,0.8,0.4,0.3,0.7,0.6,0.8,0.6,0.6,2
0.8,0.6,0.7,0.6,0.2,0.2,0.6,0.5,0.5,3
0.3,0.4,0.5,0.6,0.8,0.7,0.5,0.6,0.9,1
0.7,0.8,0.2,0.3,0.8,0.5,0.7,0.5,0.6,2
0.6,0.8,0.6,0.7,0.2,0.2,0.8,0.6,0.6,3
0.3,0.2,0.5,0.5,0.7,0.5,0.5,0.7,0.9,1
0.7,0.6,0.2,0.3,0.7,0.6,0.7,0.6,0.7,2
0.8,0.7,0.5,0.6,0.5,0.5,0.4,0.2,0.5,4
0.2,0.2,0.8,0.5,0.5,0.6,0.5,0.5,0.8,1
0.7,0.8,0.7,0.5,0.3,0.1,0.6,0.8,0.8,3
0.3,0.2,0.7,0.5,0.6,0.7,0.5,0.8,0.8,1
0.5,0.6,0.8,0.6,0.5,0.8,0.3,0.3,0.5,4
0.2,0.4,0.6,0.6,0.7,0.8,0.6,0.6,0.7,1
0.8,0.7,0.4,0.1,0.6,0.8,0.8,0.7,0.5,2
0.4,0.4,0.5,0.7,0.6,0.5,0.6,0.5,0.7,1
0.7,0.7,0.8,0.8,0.2,0.1,0.5,0.5,0.8,3
0.6,0.7,0.4,0.2,0.6,0.7,0.8,0.5,0.6,2
0.5,0.5,0.7,0.6,0.7,0.6,0.1,0.2,0.6,4
0.3,0.2,0.8,0.7,0.6,0.6,0.8,0.6,0.6,1
0.6,0.6,0.7,0.7,0.7,0.8,0.3,0.2,0.5,4
0.7,0.5,0.8,0.6,0.4,0.2,0.5,0.6,0.6,3
0.6,0.8,0.5,0.6,0.5,0.6,0.4,0.2,0.9,4
0.1,0.2,0.6,0.8,0.6,0.8,0.6,0.6,0.5,1
0.2,0.3,0.8,0.8,0.8,0.5,0.8,0.7,0.9,1
0.3,0.3,0.7,0.8,0.5,0.6,0.6,0.6,0.6,1
0.1,0.3,0.8,0.7,0.7,0.8,0.8,0.6,0.8,1
0.5,0.7,0.3,0.2,0.5,0.7,0.6,0.5,0.9,2
0.2,0.2,0.5,0.6,0.6,0.7,0.5,0.8,0.9,1
0.7,0.8,0.2,0.3,0.6,0.8,0.8,0.5,0.5,2
0.6,0.5,0.7,0.6,0.6,0.7,0.4,0.1,0.7,4
0.6,0.5,0.2,0.2,0.8,0.6,0.8,0.6,0.7,2
0.6,0.6,0.1,0.3,0.5,0.5,0.6,0.7,0.8,2
0.5,0.7,0.7,0.5,0.7,0.8,0.4,0.2,0.6,4
0.4,0.3,0.8,0.8,0.6,0.6,0.7,0.5,0.7,1
0.5,0.7,0.7,0.6,0.3,0.2,0.8,0.5,0.5,3
0.8,0.5,0.5,0.7,0.7,0.5,0.1,0.2,0.9,4
0.5,0.8,0.8,0.7,0.2,0.3,0.5,0.8,0.9,3
0.7,0.8,0.7,0.8,0.8,0.7,0.4,0.2,0.8,4
0.7,0.8,0.8,0.5,0.5,0.8,0.2,0.4,0.6,4
0.8,0.8,0.5,0.8,0.7,0.8,0.3,0.4,0.6,4
0.8,0.6,0.5,0.7,0.6,0.8,0.3,0.3,0.6,4
0.8,0.7,0.2,0.4,0.7,0.7,0.7,0.5,0.9,2
0.6,0.6,0.1,0.1,0.7,0.5,0.8,0.7,0.7,2
0.7,0.5,0.4,0.1,0.6,0.7,0.6,0.7,0.8,2
0.2,0.4,0.8,0.5,0.6,0.8,0.8,0.5,0.5,1
0.5,0.8,0.4,0.1,0.6,0.7,0.5,0.5,0.8,2
0.6,0.6,0.7,0.8,0.3,0.3,0.7,0.8,0.7,3
0.5,0.8,0.4,0.1,0.5,0.8,0.6,0.7,0.7,2
0.6,0.7,0.5,0.8,0.2,0.1,0.7,0.6,0.6,3
0.8,0.8,0.7,0.5,0.2,0.2,0.7,0.8,0.6,3
0.3,0.1,0.7,0.5,0.6,0.7,0.7,0.6,0.6,1
0.3,0.1,0.8,0.5,0.8,0.6,0.5,0.8,0.9,1
0.4,0.2,0.5,0.8,0.6,0.5,0.7,0.7,0.9,1
0.7,0.7,0.1,0.2,0.8,0.7,0.7,0.5,0.7,2
0.8,0.5,0.7,0.5,0.3,0.2,0.5,0.6,0.8,3
0.3,0.1,0.7,0.8,0.8,0.8,0.5,0.6,0.7,1
0.6,0.5,0.1,0.1,0.5,0.5,0.6,0.8,0.9,2
0.2,0.2,0.8,0.7,0.6,0.7,0.8,0.8,0.6,1
0.5,0.7,0.3,0.3,0.5,0.7,0.5,0.7,0.5,2
0.6,0.5,0.4,0.4,0.8,0.7,0.7,0.5,0.6,2
0.8,0.8,0.7,0.8,0.1,0.3,0.6,0.8,0.9,3
0.5,0.8,0.5,0.8,0.5,0.5,0.4,0.3,0.5,4
0.2,0.4,0.6,0.7,0.7,0.7,0.8,0.7,0.7,1
0.8,0.5,0.3,0.4,0.6,0.5,0.5,0.5,0.6,2
0.5,0.7,0.5,0.8,0.5,0.8,0.4,0.2,0.6,4
0.8,0.6,0.1,0.1,0.5,0.7,0.7,0.8,0.5,2
0.8,0.7,0.1,0.2,0.8,0.7,0.8,0.6,0.5,2
0.8,0.7,0.5,0.7,0.6,0.8,0.4,0.1,0.5,4
0.6,0.8,0.8,0.5,0.3,0.3,0.5,0.5,0.5,3
0.3,0.2,0.8,0.7,0.6,0.7,0.6,0.7,0.8,1
0.6,0.8,0.8,0.6,0.4,0.1,0.5,0.7,0.5,3
0.7,0.8,0.7,0.7,0.2,0.2,0.8,0.6,0.9,3
0.2,0.1,0.5,0.8,0.6,0.7,0.7,0.7,0.5,1
0.6,0.8,0.8,0.6,0.5,0.8,0.3,0.4,0.5,4
0.1,0.3,0.8,0.7,0.6,0.5,0.8,0.8,0.5,1
0.6,0.8,0.5,0.6,0.7,0.5,0.3,0.1,0.6,4
0.6,0.5,0.5,0.7,0.6,0.8,0.2,0.2,0.6,4
0.5,0.7,0.2,0.2,0.7,0.5,0.6,0.8,0.8,2
0.8,0.6,0.4,0.1,0.8,0.7,0.7,0.5,0.5,2
0.8,0.7,0.8,0.7,0.7,0.7,0.4,0.2,0.9,4
0.6,0.6,0.5,0.7,0.2,0.3,0.5,0.5,0.8,3
0.8,0.8,0.6,0.5,0.6,0.6,0.4,0.2,0.9,4
0.6,0.6,0.3,0.1,0.8,0.7,0.7,0.6,0.8,2
0.2,0.1,0.6,0.5,0.7,0.7,0.5,0.7,0.8,1
0.8,0.7,0.4,0.3,0.7,0.5,0.7,0.5,0.8,2
0.8,0.7,0.1,0.2,0.7,0.8,0.7,0.8,0.9,2
0.7,0.7,0.3,0.1,0.7,0.8,0.5,0.6,0.8,2
0.8,0.7,0.5,0.7,0.2,0.1,0.6,0.7,0.7,3
0.1,0.2,0.8,0.7,0.8,0.5,0.6,0.7,0.6,1
0.8,0.7,0.7,0.5,0.6,0.5,0.4,0.4,0.8,4
0.6,0.5,0.6,0.5,0.6,0.5,0.1,0.3,0.8,4
0.7,0.6,0.6,0.6,0.6,0.5,0.4,0.1,0.9,4
0.5,0.7,0.2,0.2,0.5,0.6,0.6,0.8,0.6,2
0.7,0.5,0.4,0.4,0.7,0.5,0.8,0.6,0.6,2
0.6,0.5,0.7,0.8,0.5,0.7,0.4,0.3,0.9,4
0.6,0.8,0.5,0.8,0.3,0.3,0.7,0.7,0.8,3
0.1,0.2,0.7,0.5,0.7,0.6,0.7,0.6,0.7,1
0.6,0.6,0.6,0.7,0.5,0.7,0.3,0.3,0.8,4
0.8,0.6,0.5,0.5,0.8,0.8,0.3,0.3,0.6,4
0.6,0.6,0.1,0.4,0.6,0.6,0.6,0.5,0.5,2
0.6,0.5,0.6,0.5,0.6,0.7,0.1,0.3,0.6,4
0.8,0.6,0.5,0.7,0.8,0.8,0.3,0.3,0.5,4
0.6,0.8,0.2,0.2,0.8,0.8,0.5,0.7,0.6,2
0.1,0.2,0.6,0.7,0.7,0.6,0.5,0.5,0.7,1
0.8,0.6,0.8,0.8,0.4,0.4,0.6,0.6,0.8,3
0.6,0.8,0.8,0.8,0.2,0.1,0.6,0.8,0.9,3
0.6,0.7,0.8,0.7,0.7,0.5,0.4,0.4,0.5,4
0.7,0.8,0.2,0.4,0.8,0.6,0.6,0.7,0.9,2
0.7,0.7,0.3,0.1,0.5,0.8,0.6,0.7,0.8,2
0.6,0.7,0.7,0.6,0.2,0.4,0.6,0.8,0.6,3
0.8,0.7,0.6,0.5,0.7,0.5,0.3,0.1,0.9,4
0.8,0.7,0.2,0.4,0.8,0.8,0.8,0.5,0.6,2
0.8,0.6,0.6,0.8,0.5,0.7,0.4,0.2,0.5,4
0.8,0.8,0.4,0.1,0.5,0.8,0.8,0.5,0.5,2
0.7,0.8,0.7,0.8,0.1,0.3,0.6,0.8,0.9,3
0.8,0.5,0.5,0.8,0.4,0.2,0.7,0.8,0.5,3
0.6,0.8,0.4,0.1,0.7,0.5,0.6,0.5,0.7,2
0.8,0.6,0.4,0.3,0.7,0.5,0.8,0.8,0.5,2
0.5,0.8,0.7,0.7,0.5,0.8,0.4,0.1,0.8,4
0.8,0.7,0.7,0.7,0.3,0.3,0.8,0.7,0.7,3
0.8,0.5,0.3,0.3,0.6,0.6,0.8,0.7,0.8,2
0.8,0.8,0.8,0.8,0.3,0.3,0.5,0.6,0.9,3
0.5,0.7,0.7,0.5,0.7,0.7,0.2,0.2,0.8,4
0.8,0.8,0.5,0.8,0.5,0.6,0.4,0.4,0.7,4
0.4,0.3,0.5,0.5,0.8,0.5,0.6,0.6,0.8,1
0.8,0.6,0.6,0.5,0.7,0.7,0.2,0.1,0.7,4
0.5,0.7,0.6,0.6,0.8,0.6,0.3,0.2,0.5,4
0.5,0.8,0.6,0.8,0.4,0.2,0.8,0.7,0.6,3
0.8,0.5,0.6,0.7,0.8,0.5,0.3,0.2,0.5,4
0.2,0.3,0.8,0.7,0.6,0.8,0.5,0.5,0.8,1
0.1,0.4,0.7,0.6,0.7,0.7,0.6,0.8,0.9,1
0.5,0.6,0.5,0.6,0.5,0.6,0.3,0.3,0.7,4
0.1,0.2,0.6,0.5,0.5,0.7,0.6,0.6,0.9,1
0.4,0.4,0.6,0.6,0.5,0.7,0.5,0.6,0.6,1
0.6,0.8,0.4,0.3,0.8,0.6,0.8,0.6,0.6,2
0.1,0.1,0.6,0.7,0.6,0.7,0.6,0.7,0.8,1
0.3,0.4,0.7,0.6,0.8,0.7,0.6,0.7,0.6,1
0.5,0.7,0.7,0.5,0.6,0.8,0.3,0.4,0.9,4
0.6,0.7,0.8,0.5,0.4,0.1,0.5,0.6,0.8,3
0.6,0.8,0.4,0.4,0.6,0.8,0.5,0.5,0.5,2
0.5,0.7,0.8,0.8,0.6,0.5,0.1,0.2,0.8,4
0.5,0.8,0.5,0.8,0.2,0.2,0.8,0.7,0.8,3
0.2,0.4,0.6,0.5,0.5,0.7,0.5,0.7,0.9,1
0.8,0.5,0.2,0.1,0.5,0.6,0.5,0.8,0.5,2
0.6,0.6,0.7,0.6,0.7,0.6,0.1,0.1,0.9,4
0.6,0.7,0.6,0.5,0.4,0.2,0.6,0.7,0.8,3
0.6,0.5,0.4,0.4,0.8,0.6,0.6,0.5,0.5,2
0.6,0.5,0.3,0.2,0.8,0.8,0.6,0.5,0.6,2
0.2,0.4,0.5,0.8,0.6,0.7,0.5,0.7,0.7,1
0.5,0.6,0.2,0.2,0.5,0.6,0.7,0.7,0.9,2
0.5,0.6,0.6,0.7,0.1,0.1,0.8,0.5,0.8,3
0.5,0.8,0.5,0.6,0.2,0.2,0.7,0.8,0.5,3
0.5,0.8,0.7,0.8,0.1,0.2,0.7,0.6,0.5,3
0.8,0.7,0.3,0.2,0.5,0.7,0.6,0.8,0.7,2
0.6,0.8,0.1,0.2,0.6,0.8,0.5,0.7,0.6,2
0.6,0.8,0.3,0.1,0.8,0.8,0.8,0.5,0.9,2
0.8,0.6,0.6,0.8,0.5,0.6,0.4,0.1,0.9,4
0.6,0.8,0.6,0.8,0.2,0.3,0.5,0.6,0.5,3
0.7,0.7,0.6,0.8,0.2,0.3,0.7,0.7,0.8,3
0.5,0.5,0.2,0.3,0.6,0.7,0.8,0.5,0.5,2
0.3,0.1,0.6,0.8,0.7,0.5,0.8,0.7,0.5,1
0.7,0.5,0.4,0.1,0.7,0.5,0.8,0.8,0.7,2
0.8,0.5,0.3,0.4,0.6,0.8,0.6,0.6,0.9,2
0.5,0.8,0.6,0.5,0.1,0.3,0.7,0.6,0.7,3
0.2,0.3,0.6,0.6,0.6,0.5,0.8,0.5,0.8,1
0.5,0.8,0.8,0.7,0.7,0.6,0.2,0.4,0.5,4
0.7,0.5,0.3,0.3,0.6,0.5,0.5,0.5,0.6,2
0.2,0.3,0.7,0.7,0.8,0.7,0.6,0.5,0.9,1
0.5,0.8,0.8,0.8,0.1,0.2,0.5,0.8,0.6,3
0.5,0.7,0.1,0.3,0.7,0.6,0.7,0.7,0.9,2
0.3,0.2,0.8,0.8,0.6,0.5,0.8,0.7,0.8,1
0.4,0.2,0.7,0.8,0.6,0.8,0.7,0.5,0.6,1
0.8,0.8,0.7,0.5,0.2,0.4,0.5,0.7,0.8,3
0.4,0.3,0.7,0.7,0.5,0.8,0.6,0.8,0.8,1
0.2,0.2,0.5,0.8,0.5,0.5,0.5,0.6,0.9,1
0.7,0.7,0.5,0.5,0.4,0.4,0.6,0.8,0.6,3
0.8,0.8,0.7,0.8,0.8,0.7,0.2,0.3,0.9,4
0.8,0.7,0.8,0.7,0.7,0.7,0.1,0.4,0.8,4
0.2,0.2,0.6,0.7,0.8,0.8,0.6,0.6,0.9,1
0.8,0.5,0.3,0.2,0.6,0.8,0.7,0.5,0.6,2
0.7,0.5,0.3,0.4,0.6,0.6,0.5,0.6,0.5,2
0.7,0.7,0.6,0.6,0.4,0.2,0.6,0.5,0.8,3
0.5,0.8,0.7,0.8,0.1,0.2,0.8,0.5,0.8,3
0.8,0.6,0.7,0.8,0.5,0.5,0.2,0.3,0.5,4
0.2,0.3,0.5,0.7,0.8,0.6,0.6,0.7,0.8,1
0.5,0.7,0.7,0.6,0.6,0.8,0.1,0.3,0.9,4
0.8,0.6,0.7,0.6,0.5,0.8,0.2,0.4,0.6,4
0.2,0.4,0.6,0.5,0.5,0.5,0.8,0.7,0.5,1
0.2,0.2,0.8,0.5,0.8,0.8,0.6,0.8,0.6,1
0.4,0.1,0.7,0.6,0.5,0.6,0.8,0.7,0.8,1
0.8,0.8,0.8,0.6,0.4,0.4,0.6,0.7,0.6,3
0.6,0.6,0.2,0.1,0.8,0.5,0.7,0.8,0.6,2
0.8,0.5,0.7,0.8,0.8,0.5,0.4,0.4,0.9,4
0.4,0.3,0.6,0.8,0.8,0.8,0.6,0.5,0.9,1
0.6,0.7,0.6,0.6,0.1,0.3,0.5,0.7,0.8,3
0.3,0.3,0.6,0.5,0.5,0.6,0.6,0.8,0.9,1
0.3,0.4,0.5,0.5,0.7,0.7,0.5,0.8,0.8,1
0.1,0.3,0.8,0.7,0.6,0.8,0.6,0.7,0.7,1
0.3,0.2,0.8,0.8,0.7,0.5,0.6,0.8,0.9,1
0.6,0.6,0.1,0.3,0.7,0.7,0.8,0.6,0.7,2
0.3,0.1,0.7,0.8,0.8,0.6,0.8,0.7,0.9,1
0.8,0.7,0.6,0.6,0.1,0.1,0.6,0.7,0.8,3
0.1,0.2,0.6,0.5,0.5,0.8,0.7,0.8,0.8,1
0.5,0.8,0.6,0.6,0.5,0.6,0.1,0.1,0.5,4
0.2,0.1,0.7,0.6,0.7,0.5,0.7,0.8,0.6,1
0.6,0.7,0.6,0.6,0.1,0.2,0.5,0.5,0.7,3
0.7,0.6,0.1,0.1,0.7,0.8,0.6,0.6,0.7,2
0.6,0.5,0.4,0.4,0.8,0.8,0.5,0.7,0.6,2
0.3,0.1,0.8,0.8,0.5,0.8,0.6,0.7,0.7,1
0.4,0.2,0.7,0.5,0.6,0.5,0.7,0.6,0.5,1
0.5,0.7,0.8,0.8,0.2,0.1,0.6,0.7,0.6,3
0.6,0.8,0.2,0.2,0.8,0.7,0.5,0.5,0.7,2
0.5,0.6,0.6,0.8,0.3,0.4,0.8,0.5,0.8,3
0.4,0.3,0.5,0.6,0.5,0.8,0.8,0.8,0.5,1
0.5,0.7,0.7,0.5,0.8,0.5,0.1,0.1,0.5,4
0.7,0.6,0.8,0.7,0.3,0.1,0.6,0.5,0.7,3
0.5,0.8,0.1,0.2,0.8,0.8,0.7,0.5,0.5,2
0.5,0.8,0.7,0.5,0.3,0.3,0.8,0.6,0.8,3
0.8,0.7,0.1,0.4,0.7,0.6,0.7,0.8,0.5,2
0.6,0.7,0.6,0.6,0.4,0.3,0.7,0.5,0.7,3
0.1,0.2,0.8,0.7,0.7,0.5,0.6,0.8,0.7,1
0.6,0.6,0.8,0.7,0.4,0.4,0.5,0.5,0.7,3
0.7,0.7,0.7,0.7,0.7,0.5,0.3,0.4,0.6,4
0.8,0.7,0.6,0.5,0.4,0.4,0.7,0.7,0.7,3
0.2,0.1,0.6,0.6,0.6,0.7,0.6,0.8,0.6,1
0.6,0.6,0.4,0.4,0.7,0.8,0.8,0.5,0.7,2
0.7,0.7,0.5,0.5,0.4,0.4,0.6,0.8,0.6,3
0.7,0.6,0.5,0.8,0.3,0.3,0.8,0.7,0.6,3
0.1,0.2,0.5,0.6,0.6,0.6,0.7,0.6,0.9,1
0.8,0.5,0.1,0.3,0.6,0.6,0.6,0.5,0.9,2
0.8,0.8,0.4,0.4,0.5,0.6,0.8,0.8,0.8,2
0.5,0.5,0.5,0.7,0.1,0.1,0.6,0.5,0.5,3
0.5,0.8,0.4,0.3,0.6,0.6,0.7,0.7,0.7,2
0.3,0.2,0.7,0.8,0.8,0.8,0.7,0.6,0.8,1
0.1,0.3,0.5,0.5,0.6,0.6,0.6,0.7,0.8,1
0.5,0.8,0.3,0.4,0.5,0.5,0.6,0.6,0.8,2
0.8,0.7,0.7,0.5,0.7,0.6,0.1,0.2,0.8,4
0.5,0.7,0.4,0.3,0.5,0.8,0.6,0.5,0.8,2
0.5,0.5,0.7,0.5,0.2,0.1,0.5,0.5,0.7,3
0.8,0.5,0.8,0.7,0.2,0.4,0.6,0.7,0.9,3
0.8,0.5,0.6,0.5,0.5,0.8,0.3,0.1,0.8,4
0.3,0.3,0.6,0.5,0.8,0.7,0.7,0.7,0.5,1
0.7,0.6,0.2,0.1,0.6,0.6,0.8,0.7,0.7,2
0.4,0.2,0.6,0.5,0.8,0.5,0.8,0.8,0.7,1
0.7,0.7,0.3,0.3,0.8,0.7,0.7,0.5,0.5,2
0.6,0.6,0.6,0.8,0.2,0.1,0.6,0.5,0.5,3
0.8,0.8,0.2,0.2,0.7,0.7,0.5,0.8,0.9,2
0.7,0.6,0.8,0.7,0.3,0.1,0.5,0.8,0.8,3
0.7,0.8,0.4,0.2,0.5,0.6,0.5,0.7,0.8,2
0.2,0.1,0.8,0.6,0.5,0.6,0.7,0.6,0.7,1
0.5,0.6,0.7,0.7,0.2,0.3,0.5,0.6,0.8,3
0.6,0.5,0.7,0.6,0.4,0.2,0.7,0.5,0.6,3
0.6,0.7,0.3,0.2,0.8,0.7,0.6,0.8,0.5,2
0.5,0.7,0.7,0.8,0.3,0.2,0.7,0.5,0.7,3
0.8,0.8,0.4,0.2,0.5,0.7,0.6,0.6,0.6,2
0.7,0.5,0.5,0.6,0.1,0.3,0.7,0.7,0.7,3
0.4,0.3,0.5,0.5,0.5,0.5,0.7,0.8,0.5,1
0.8,0.5,0.6,0.5,0.2,0.3,0.7,0.5,0.6,3
0.5,0.8,0.5,0.6,0.5,0.8,0.3,0.2,0.9,4
0.1,0.3,0.5,0.6,0.7,0.7,0.7,0.7,0.6,1
0.8,0.8,0.7,0.7,0.2,0.4,0.7,0.7,0.8,3
0.5,0.5,0.8,0.6,0.1,0.2,0.7,0.5,0.5,3
0.2,0.4,0.6,0.7,0.5,0.6,0.5,0.5,0.9,1
0.4,0.2,0.5,0.8,0.8,0.5,0.6,0.6,0.5,1
0.8,0.7,0.7,0.7,0.2,0.2,0.8,0.7,0.6,3
0.1,0.2,0.5,0.8,0.6,0.6,0.8,0.6,0.9,1
0.8,0.7,0.8,0.7,0.2,0.4,0.5,0.6,0.6,3
0.7,0.6,0.1,0.4,0.5,0.8,0.5,0.5,0.8,2
0.8,0.7,0.4,0.2,0.7,0.5,0.6,0.8,0.7,2
0.6,0.8,0.4,0.3,0.8,0.8,0.7,0.8,0.5,2
0.5,0.7,0.4,0.4,0.7,0.6,0.8,0.7,0.8,2
0.5,0.6,0.6,0.5,0.2,0.1,0.8,0.8,0.7,3
0.8,0.5,0.1,0.2,0.8,0.8,0.5,0.7,0.8,2
0.6,0.8,0.7,0.5,0.6,0.6,0.3,0.4,0.5,4
0.1,0.4,0.5,0.6,0.5,0.8,0.8,0.7,0.5,1
0.7,0.5,0.7,0.5,0.7,0.8,0.3,0.2,0.6,4
0.4,0.4,0.6,0.7,0.6,0.6,0.6,0.8,0.9,1
0.6,0.5,0.7,0.8,0.6,0.7,0.1,0.4,0.5,4
0.7,0.6,0.6,0.8,0.2,0.4,0.6,0.7,0.7,3
0.3,0.3,0.8,0.8,0.8,0.7,0.6,0.5,0.7,1
0.5,0.7,0.4,0.3,0.5,0.6,0.8,0.8,0.5,2
0.6,0.6,0.4,0.1,0.6,0.5,0.8,0.6,0.6,2
0.7,0.8,0.3,0.4,0.6,0.7,0.6,0.8,0.5,2
0.7,0.8,0.6,0.8,0.2,0.1,0.8,0.7,0.6,3
0.5,0.6,0.5,0.6,0.7,0.6,0.3,0.1,0.7,4
0.2,0.2,0.7,0.5,0.6,0.5,0.5,0.6,0.8,1
0.1,0.1,0.8,0.8,0.8,0.8,0.7,0.8,0.8,1
0.5,0.5,0.6,0.6,0.1,0.2,0.7,0.7,0.5,3
0.7,0.8,0.6,0.6,0.7,0.5,0.1,0.2,0.7,4
0.7,0.5,0.6,0.7,0.8,0.7,0.3,0.2,0.7,4
0.6,0.5,0.1,0.4,0.7,0.8,0.6,0.7,0.8,2
0.7,0.6,0.8,0.5,0.5,0.7,0.1,0.3,0.6,4
0.3,0.4,0.5,0.6,0.8,0.8,0.7,0.5,0.8,1
0.4,0.1,0.5,0.6,0.7,0.7,0.5,0.6,0.9,1
0.6,0.7,0.2,0.1,0.8,0.7,0.5,0.7,0.7,2
0.3,0.4,0.8,0.8,0.6,0.7,0.5,0.5,0.6,1
0.6,0.8,0.5,0.5,0.7,0.5,0.1,0.4,0.9,4
0.5,0.7,0.5,0.8,0.4,0.1,0.7,0.8,0.7,3
0.8,0.5,0.6,0.7,0.6,0.7,0.2,0.1,0.5,4
0.5,0.6,0.8,0.5,0.6,0.6,0.4,0.2,0.8,4
0.3,0.4,0.8,0.8,0.8,0.5,0.8,0.5,0.5,1
0.5,0.6,0.4,0.2,0.5,0.6,0.8,0.8,0.8,2
0.6,0.6,0.8,0.7,0.2,0.2,0.7,0.5,0.8,3
0.8,0.7,0.5,0.6,0.5,0.5,0.3,0.3,0.9,4
0.3,0.2,0.5,0.5,0.8,0.5,0.7,0.5,0.5,1
0.7,0.6,0.5,0.6,0.5,0.5,0.1,0.3,0.9,4
0.6,0.6,0.7,0.5,0.3,0.3,0.8,0.7,0.9,3
0.5,0.6,0.5,0.8,0.2,0.4,0.5,0.7,0.8,3
0.8,0.7,0.3,0.1,0.8,0.8,0.8,0.8,0.9,2
0.7,0.8,0.8,0.8,0.8,0.5,0.2,0.3,0.6,4
0.7,0.5,0.8,0.5,0.4,0.4,0.5,0.7,0.5,3
0.6,0.8,0.8,0.7,0.3,0.2,0.5,0.6,0.6,3
0.3,0.3,0.5,0.7,0.7,0.8,0.5,0.6,0.9,1
0.1,0.1,0.7,0.6,0.6,0.8,0.7,0.8,0.9,1
0.3,0.4,0.8,0.8,0.6,0.6,0.6,0.8,0.7,1
0.5,0.5,0.1,0.3,0.8,0.8,0.5,0.5,0.8,2
0.7,0.5,0.2,0.2,0.8,0.7,0.8,0.7,0.6,2
0.6,0.5,0.2,0.3,0.7,0.5,0.7,0.5,0.9,2
0.7,0.8,0.8,0.6,0.8,0.8,0.4,0.3,0.5,4
0.6,0.5,0.8,0.8,0.1,0.4,0.5,0.5,0.8,3
0.5,0.6,0.8,0.8,0.5,0.6,0.3,0.1,0.8,4
0.7,0.5,0.2,0.4,0.7,0.7,0.5,0.8,0.8,2
0.6,0.7,0.7,0.8,0.8,0.7,0.3,0.4,0.8,4
0.5,0.7,0.5,0.7,0.1,0.4,0.7,0.7,0.9,3
0.8,0.8,0.2,0.1,0.6,0.6,0.5,0.7,0.7,2
0.1,0.4,0.5,0.6,0.6,0.6,0.7,0.7,0.6,1
0.2,0.3,0.8,0.5,0.6,0.7,0.7,0.7,0.6,1
0.6,0.7,0.8,0.7,0.7,0.7,0.3,0.4,0.9,4
0.7,0.6,0.6,0.8,0.5,0.5,0.1,0.2,0.8,4
0.2,0.4,0.5,0.8,0.7,0.6,0.7,0.8,0.9,1
0.5,0.7,0.8,0.5,0.4,0.4,0.8,0.7,0.8,3
0.5,0.6,0.1,0.4,0.7,0.8,0.7,0.8,0.5,2
0.6,0.7,0.5,0.8,0.1,0.4,0.6,0.5,0.8,3
0.8,0.8,0.1,0.2,0.5,0.5,0.5,0.5,0.6,2
0.8,0.5,0.3,0.1,0.6,0.6,0.8,0.5,0.6,2
0.5,0.7,0.8,0.8,0.3,0.3,0.7,0.6,0.5,3
0.6,0.6,0.5,0.7,0.4,0.2,0.8,0.5,0.7,3
0.6,0.6,0.3,0.4,0.6,0.7,0.5,0.8,0.6,2
0.6,0.8,0.1,0.3,0.7,0.8,0.8,0.7,0.8,2
0.4,0.4,0.6,0.5,0.6,0.7,0.6,0.8,0.9,1
0.8,0.5,0.2,0.3,0.7,0.7,0.8,0.7,0.7,2
0.8,0.6,0.3,0.2,0.5,0.6,0.8,0.7,0.6,2
0.4,0.1,0.5,0.6,0.6,0.6,0.7,0.6,0.5,1
0.6,0.7,0.7,0.7,0.6,0.5,0.1,0.2,0.7,4
0.6,0.7,0.1,0.1,0.5,0.5,0.8,0.6,0.8,2
0.6,0.6,0.1,0.4,0.6,0.5,0.5,0.8,0.9,2
0.6,0.8,0.5,0.6,0.2,0.1,0.8,0.7,0.7,3
0.4,0.2,0.5,0.5,0.5,0.7,0.5,0.6,0.6,1
0.8,0.5,0.5,0.8,0.2,0.3,0.6,0.5,0.8,3
0.2,0.2,0.7,0.6,0.6,0.8,0.8,0.8,0.7,1
0.1,0.1,0.8,0.8,0.6,0.7,0.7,0.7,0.8,1
0.6,0.7,0.5,0.8,0.6,0.7,0.2,0.3,0.8,4
0.3,0.3,0.7,0.8,0.8,0.6,0.8,0.6,0.8,1
0.8,0.5,0.7,0.7,0.8,0.5,0.3,0.2,0.8,4
0.6,0.7,0.7,0.6,0.7,0.5,0.2,0.3,0.8,4
0.6,0.6,0.6,0.6,0.4,0.1,0.5,0.7,0.9,3
0.8,0.8,0.6,0.6,0.3,0.1,0.8,0.7,0.9,3
0.3,0.3,0.5,0.6,0.6,0.6,0.7,0.8,0.9,1
0.6,0.6,0.3,0.2,0.8,0.6,0.5,0.6,0.5,2
0.8,0.8,0.8,0.6,0.2,0.4,0.8,0.5,0.8,3
0.2,0.1,0.5,0.6,0.7,0.8,0.7,0.7,0.5,1
0.7,0.6,0.7,0.6,0.7,0.6,0.1,0.4,0.6,4
0.3,0.4,0.6,0.6,0.6,0.6,0.5,0.5,0.6,1
0.2,0.1,0.8,0.5,0.6,0.5,0.8,0.7,0.5,1
0.1,0.2,0.8,0.8,0.6,0.5,0.6,0.7,0.7,1
0.8,0.6,0.7,0.5,0.7,0.6,0.4,0.4,0.7,4
0.3,0.1,0.5,0.6,0.5,0.8,0.5,0.8,0.7,1
0.6,0.6,0.7,0.6,0.5,0.7,0.1,0.1,0.5,4
0.5,0.5,0.6,0.6,0.1,0.1,0.6,0.7,0.8,3
0.1,0.3,0.7,0.5,0.8,0.7,0.7,0.8,0.9,1
0.8,0.8,0.3,0.4,0.7,0.8,0.6,0.7,0.8,2
0.5,0.8,0.2,0.3,0.7,0.7,0.6,0.7,0.7,2
0.5,0.5,0.2,0.3,0.5,0.8,0.7,0.8,0.5,2
0.7,0.5,0.7,0.8,0.8,0.6,0.3,0.3,0.5,4
0.1,0.2,0.6,0.5,0.8,0.7,0.7,0.7,0.7,1
0.6,0.5,0.7,0.8,0.7,0.8,0.1,0.4,0.9,4
0.1,0.1,0.7,0.6,0.6,0.7,0.8,0.8,0.5,1
0.6,0.8,0.4,0.4,0.7,0.7,0.7,0.5,0.5,2
0.6,0.6,0.3,0.1,0.8,0.5,0.5,0.7,0.9,2
0.6,0.6,0.8,0.6,0.6,0.6,0.2,0.3,0.6,4
0.6,0.8,0.5,0.5,0.5,0.5,0.4,0.4,0.6,4
0.7,0.6,0.2,0.3,0.8,0.5,0.8,0.5,0.9,2
0.6,0.5,0.7,0.6,0.2,0.3,0.6,0.6,0.7,3
0.5,0.8,0.7,0.5,0.6,0.7,0.4,0.2,0.7,4
0.8,0.8,0.8,0.8,0.3,0.1,0.6,0.5,0.9,3
0.7,0.7,0.7,0.6,0.7,0.5,0.4,0.1,0.8,4
0.3,0.3,0.6,0.7,0.7,0.5,0.6,0.8,0.8,1
0.6,0.6,0.7,0.8,0.6,0.6,0.3,0.2,0.5,4
0.4,0.2,0.6,0.6,0.8,0.7,0.8,0.6,0.5,1
0.7,0.8,0.8,0.6,0.4,0.3,0.5,0.8,0.8,3
0.5,0.6,0.7,0.8,0.3,0.1,0.8,0.5,0.9,3
0.8,0.6,0.7,0.7,0.5,0.7,0.4,0.3,0.7,4
0.8,0.7,0.4,0.1,0.6,0.7,0.6,0.8,0.7,2
0.1,0.3,0.8,0.5,0.6,0.5,0.8,0.8,0.5,1
0.5,0.8,0.7,0.5,0.5,0.5,0.1,0.2,0.8,4
0.8,0.7,0.6,0.6,0.5,0.8,0.2,0.2,0.6,4
0.6,0.8,0.8,0.5,0.6,0.6,0.3,0.2,0.9,4
0.6,0.5,0.6,0.6,0.7,0.7,0.1,0.4,0.6,4
0.1,0.4,0.7,0.7,0.7,0.5,0.6,0.5,0.5,1
0.2,0.1,0.7,0.7,0.6,0.6,0.5,0.6,0.5,1
0.2,0.1,0.8,0.5,0.8,0.7,0.5,0.5,0.8,1
0.8,0.5,0.7,0.8,0.6,0.6,0.3,0.3,0.8,4
0.8,0.6,0.4,0.4,0.6,0.5,0.7,0.7,0.5,2
0.7,0.7,0.8,0.6,0.5,0.6,0.1,0.3,0.7,4
0.5,0.6,0.3,0.2,0.6,0.7,0.5,0.6,0.8,2
0.1,0.4,0.7,0.8,0.7,0.6,0.8,0.6,0.8,1
0.5,0.5,0.5,0.8,0.7,0.6,0.4,0.3,0.7,4
0.5,0.7,0.5,0.7,0.2,0.1,0.8,0.7,0.6,3
0.6,0.8,0.7,0.8,0.1,0.4,0.8,0.5,0.8,3
0.2,0.2,0.8,0.6,0.6,0.5,0.8,0.5,0.5,1
0.7,0.6,0.5,0.7,0.3,0.4,0.7,0.5,0.8,3
0.7,0.5,0.7,0.7,0.8,0.8,0.3,0.3,0.9,4
0.8,0.6,0.8,0.6,0.8,0.8,0.2,0.2,0.7,4
0.6,0.5,0.2,0.3,0.7,0.5,0.6,0.7,0.9,2
0.5,0.5,0.8,0.8,0.4,0.1,0.8,0.6,0.5,3
0.8,0.6,0.6,0.7,0.6,0.7,0.4,0.3,0.6,4
0.7,0.7,0.8,0.8,0.6,0.5,0.3,0.4,0.5,4
0.7,0.7,0.3,0.3,0.8,0.6,0.6,0.6,0.8,2
0.5,0.7,0.7,0.5,0.6,0.7,0.4,0.3,0.9,4
0.8,0.7,0.3,0.3,0.8,0.5,0.5,0.5,0.9,2
0.8,0.8,0.8,0.5,0.3,0.2,0.8,0.5,0.9,3
0.2,0.2,0.7,0.5,0.5,0.6,0.5,0.8,0.7,1
0.8,0.8,0.2,0.1,0.6,0.8,0.8,0.6,0.7,2
0.4,0.3,0.5,0.5,0.6,0.7,0.5,0.5,0.5,1
0.6,0.6,0.1,0.4,0.7,0.7,0.6,0.5,0.7,2
0.6,0.6,0.5,0.8,0.6,0.5,0.1,0.2,0.5,4
0.1,0.2,0.7,0.8,0.8,0.5,0.6,0.5,0.6,1
0.6,0.7,0.1,0.3,0.7,0.5,0.8,0.6,0.6,2
0.8,0.6,0.6,0.5,0.4,0.1,0.6,0.5,0.7,3
0.7,0.8,0.5,0.6,0.5,0.7,0.3,0.3,0.6,4
0.4,0.4,0.8,0.8,0.6,0.6,0.7,0.8,0.7,1
0.7,0.5,0.1,0.1,0.5,0.7,0.7,0.6,0.5,2
0.4,0.2,0.5,0.8,0.5,0.8,0.6,0.7,0.6,1
0.7,0.7,0.3,0.1,0.6,0.7,0.7,0.7,0.9,2
0.1,0.3,0.5,0.8,0.7,0.7,0.7,0.5,0.5,1
0.8,0.5,0.4,0.4,0.5,0.8,0.5,0.5,0.8,2
0.8,0.5,0.6,0.6,0.5,0.7,0.4,0.1,0.6,4
0.7,0.5,0.8,0.7,0.4,0.3,0.7,0.6,0.6,3
0.7,0.6,0.6,0.7,0.1,0.3,0.5,0.6,0.6,3
0.7,0.6,0.3,0.1,0.5,0.6,0.7,0.8,0.7,2
0.8,0.8,0.7,0.6,0.6,0.5,0.1,0.2,0.9,4
0.7,0.8,0.6,0.8,0.3,0.3,0.6,0.6,0.7,3
0.5,0.7,0.5,0.7,0.5,0.5,0.3,0.1,0.5,4
0.2,0.1,0.5,0.6,0.7,0.7,0.6,0.6,0.9,1
0.3,0.3,0.5,0.7,0.8,0.5,0.8,0.8,0.5,1
0.8,0.8,0.5,0.7,0.5,0.5,0.1,0.3,0.8,4
0.5,0.6,0.7,0.6,0.6,0.5,0.1,0.4,0.5,4
0.7,0.8,0.8,0.7,0.8,0.7,0.2,0.3,0.6,4
0.7,0.6,0.2,0.2,0.8,0.6,0.6,0.5,0.9,2
0.7,0.5,0.8,0.8,0.6,0.7,0.4,0.3,0.6,4
0.6,0.7,0.5,0.8,0.6,0.6,0.4,0.1,0.9,4
0.7,0.8,0.1,0.1,0.6,0.5,0.5,0.7,0.9,2
0.2,0.4,0.8,0.5,0.6,0.5,0.7,0.7,0.5,1
0.7,0.8,0.5,0.5,0.6,0.6,0.1,0.3,0.9,4
0.4,0.1,0.5,0.5,0.8,0.6,0.6,0.8,0.9,1
0.5,0.6,0.2,0.4,0.7,0.6,0.7,0.8,0.6,2
0.6,0.6,0.6,0.6,0.1,0.2,0.7,0.8,0.6,3
0.8,0.6,0.3,0.2,0.8,0.7,0.6,0.5,0.5,2
0.5,0.6,0.2,0.1,0.5,0.7,0.7,0.5,0.5,2
0.6,0.6,0.7,0.7,0.7,0.5,0.3,0.4,0.7,4
0.5,0.5,0.1,0.3,0.8,0.8,0.8,0.5,0.7,2
0.4,0.3,0.5,0.6,0.7,0.6,0.8,0.7,0.5,1
0.3,0.4,0.7,0.6,0.7,0.6,0.8,0.6,0.5,1
0.8,0.8,0.2,0.1,0.8,0.6,0.5,0.5,0.6,2
0.4,0.4,0.5,0.6,0.5,0.8,0.8,0.6,0.6,1
0.7,0.6,0.1,0.4,0.6,0.6,0.8,0.7,0.8,2
0.3,0.3,0.6,0.7,0.8,0.6,0.7,0.5,0.5,1
0.6,0.6,0.5,0.8,0.4,0.1,0.6,0.5,0.7,3
0.6,0.8,0.6,0.5,0.8,0.5,0.3,0.2,0.5,4
0.5,0.6,0.8,0.7,0.4,0.2,0.6,0.7,0.5,3
0.6,0.7,0.8,0.5,0.8,0.8,0.2,0.2,0.8,4
0.8,0.5,0.7,0.8,0.5,0.8,0.3,0.2,0.8,4
0.7,0.6,0.7,0.5,0.1,0.1,0.8,0.6,0.6,3
0.3,0.3,0.5,0.6,0.7,0.7,0.8,0.5,0.8,1
0.7,0.8,0.3,0.4,0.7,0.6,0.8,0.5,0.5,2
0.5,0.7,0.5,0.7,0.5,0.6,0.3,0.1,0.7,4
0.3,0.3,0.6,0.7,0.8,0.6,0.5,0.6,0.7,1
0.8,0.6,0.8,0.5,0.8,0.6,0.4,0.2,0.5,4
0.4,0.3,0.6,0.5,0.5,0.8,0.5,0.5,0.6,1
0.5,0.8,0.3,0.2,0.6,0.8,0.5,0.7,0.8,2
0.6,0.5,0.5,0.8,0.3,0.2,0.8,0.6,0.5,3
0.5,0.5,0.6,0.5,0.6,0.8,0.2,0.2,0.9,4
0.1,0.3,0.8,0.8,0.5,0.6,0.8,0.5,0.8,1
0.7,0.7,0.3,0.3,0.5,0.8,0.7,0.8,0.7,2
0.5,0.8,0.7,0.8,0.2,0.3,0.7,0.5,0.7,3
0.7,0.5,0.6,0.8,0.5,0.8,0.1,0.4,0.9,4
0.6,0.5,0.2,0.3,0.8,0.6,0.8,0.6,0.7,2
0.8,0.7,0.5,0.7,0.8,0.5,0.4,0.2,0.5,4
0.3,0.4,0.6,0.7,0.7,0.6,0.8,0.8,0.7,1
0.5,0.6,0.6,0.5,0.4,0.2,0.7,0.6,0.6,3
0.8,0.8,0.8,0.5,0.4,0.4,0.8,0.6,0.8,3
0.5,0.8,0.8,0.7,0.4,0.1,0.7,0.6,0.7,3
0.7,0.6,0.8,0.8,0.7,0.5,0.2,0.4,0.6,4
0.4,0.1,0.5,0.5,0.5,0.5,0.6,0.5,0.8,1
0.5,0.8,0.5,0.6,0.4,0.1,0.5,0.8,0.8,3
0.7,0.8,0.6,0.6,0.6,0.5,0.4,0.3,0.6,4
0.1,0.4,0.7,0.8,0.6,0.5,0.8,0.7,0.8,1
0.3,0.4,0.7,0.8,0.8,0.8,0.7,0.5,0.8,1
0.6,0.7,0.3,0.3,0.7,0.5,0.5,0.8,0.6,2
0.6,0.6,0.5,0.8,0.5,0.6,0.1,0.4,0.7,4
0.8,0.5,0.7,0.7,0.7,0.7,0.3,0.3,0.6,4
0.5,0.5,0.1,0.3,0.5,0.6,0.8,0.5,0.6,2
0.6,0.8,0.6,0.7,0.7,0.8,0.3,0.4,0.6,4
0.8,0.8,0.5,0.5,0.3,0.3,0.5,0.7,0.5,3
0.1,0.4,0.6,0.8,0.5,0.5,0.6,0.7,0.6,1
0.3,0.4,0.8,0.7,0.6,0.6,0.8,0.7,0.6,1
0.6,0.8,0.4,0.3,0.8,0.5,0.7,0.5,0.7,2
0.6,0.7,0.6,0.7,0.2,0.2,0.5,0.8,0.6,3
0.8,0.6,0.7,0.7,0.3,0.4,0.6,0.5,0.8,3
0.7,0.6,0.6,0.8,0.5,0.7,0.2,0.4,0.5,4
0.5,0.6,0.4,0.3,0.6,0.5,0.8,0.8,0.8,2
0.7,0.6,0.3,0.4,0.8,0.7,0.8,0.6,0.7,2
0.5,0.6,0.7,0.5,0.5,0.5,0.3,0.2,0.9,4
0.6,0.8,0.3,0.4,0.5,0.6,0.6,0.5,0.9,2
0.5,0.8,0.6,0.7,0.4,0.2,0.8,0.7,0.6,3
0.8,0.8,0.8,0.8,0.7,0.5,0.1,0.1,0.6,4
0.7,0.5,0.2,0.3,0.7,0.7,0.8,0.7,0.9,2
0.8,0.5,0.1,0.2,0.5,0.8,0.7,0.5,0.7,2
0.3,0.3,0.8,0.7,0.7,0.6,0.7,0.6,0.5,1
0.2,0.1,0.7,0.6,0.7,0.7,0.5,0.6,0.8,1
0.4,0.2,0.7,0.6,0.8,0.6,0.6,0.6,0.6,1
0.3,0.3,0.7,0.6,0.7,0.5,0.5,0.6,0.7,1
0.7,0.8,0.4,0.2,0.7,0.8,0.6,0.6,0.6,2
0.8,0.5,0.7,0.5,0.1,0.3,0.8,0.7,0.5,3
0.1,0.2,0.7,0.5,0.5,0.7,0.7,0.7,0.7,1
0.5,0.6,0.4,0.1,0.8,0.6,0.7,0.6,0.6,2
0.8,0.8,0.6,0.6,0.2,0.1,0.8,0.6,0.5,3
0.3,0.4,0.8,0.6,0.6,0.7,0.5,0.6,0.9,1
0.8,0.8,0.8,0.8,0.1,0.4,0.8,0.7,0.8,3
0.6,0.8,0.5,0.7,0.2,0.1,0.5,0.8,0.5,3
0.5,0.8,0.1,0.3,0.5,0.8,0.7,0.5,0.7,2
0.4,0.4,0.6,0.7,0.6,0.6,0.8,0.7,0.7,1
0.7,0.8,0.6,0.5,0.8,0.5,0.4,0.4,0.8,4
0.7,0.6,0.8,0.5,0.5,0.5,0.4,0.2,0.7,4
0.7,0.5,0.8,0.7,0.8,0.5,0.1,0.3,0.6,4
0.7,0.6,0.7,0.8,0.5,0.6,0.4,0.1,0.6,4
0.5,0.6,0.4,0.3,0.7,0.7,0.6,0.6,0.7,2
0.7,0.6,0.7,0.5,0.3,0.4,0.7,0.8,0.7,3
0.7,0.8,0.4,0.3,0.8,0.7,0.5,0.8,0.8,2
0.3,0.2,0.5,0.6,0.7,0.7,0.8,0.7,0.8,1
0.5,0.7,0.4,0.1,0.7,0.6,0.5,0.5,0.6,2
0.6,0.7,0.8,0.7,0.3,0.4,0.7,0.5,0.7,3
0.5,0.7,0.6,0.7,0.4,0.4,0.6,0.6,0.5,3
0.5,0.6,0.1,0.3,0.8,0.5,0.7,0.5,0.5,2
0.5,0.7,0.1,0.2,0.7,0.6,0.6,0.7,0.8,2
0.2,0.4,0.6,0.7,0.8,0.8,0.5,0.5,0.6,1
0.6,0.7,0.2,0.1,0.8,0.7,0.8,0.8,0.8,2
0.2,0.4,0.8,0.8,0.5,0.8,0.7,0.6,0.9,1
0.8,0.6,0.8,0.8,0.3,0.2,0.8,0.6,0.9,3
0.7,0.7,0.2,0.3,0.6,0.6,0.8,0.5,0.6,2
0.5,0.6,0.3,0.1,0.5,0.7,0.7,0.8,0.7,2
0.7,0.5,0.6,0.8,0.3,0.1,0.6,0.5,0.5,3
0.2,0.4,0.7,0.7,0.8,0.5,0.8,0.6,0.5,1
0.3,0.2,0.6,0.7,0.5,0.8,0.8,0.6,0.7,1
0.5,0.5,0.7,0.6,0.1,0.2,0.5,0.7,0.7,3
0.6,0.5,0.1,0.3,0.8,0.5,0.5,0.7,0.7,2
0.4,0.4,0.8,0.5,0.8,0.7,0.5,0.8,0.8,1
0.3,0.1,0.5,0.7,0.6,0.8,0.7,0.8,0.7,1
0.8,0.5,0.7,0.5,0.2,0.2,0.8,0.5,0.9,3
0.7,0.6,0.5,0.6,0.4,0.4,0.6,0.8,0.5,3
0.8,0.7,0.7,0.5,0.4,0.1,0.7,0.8,0.9,3
0.1,0.1,0.7,0.8,0.7,0.5,0.8,0.6,0.7,1
0.6,0.5,0.6,0.7,0.3,0.1,0.7,0.7,0.9,3
0.6,0.5,0.6,0.8,0.8,0.7,0.1,0.2,0.8,4
0.6,0.8,0.3,0.4,0.6,0.6,0.8,0.6,0.9,2
0.2,0.1,0.8,0.8,0.5,0.7,0.5,0.5,0.9,1
0.1,0.3,0.7,0.8,0.7,0.7,0.6,0.8,0.8,1
0.5,0.7,0.6,0.5,0.1,0.1,0.5,0.8,0.8,3
0.6,0.8,0.6,0.8,0.4,0.2,0.5,0.6,0.6,3
0.6,0.5,0.6,0.7,0.6,0.8,0.4,0.1,0.8,4
0.6,0.6,0.3,0.3,0.8,0.6,0.8,0.7,0.9,2
0.8,0.7,0.7,0.6,0.8,0.7,0.1,0.2,0.8,4
0.5,0.6,0.1,0.4,0.7,0.7,0.8,0.5,0.7,2
0.4,0.2,0.8,0.7,0.8,0.6,0.7,0.8,0.5,1
0.3,0.4,0.8,0.6,0.7,0.6,0.7,0.5,0.5,1
0.6,0.5,0.3,0.3,0.5,0.6,0.5,0.6,0.6,2
0.7,0.5,0.7,0.6,0.3,0.1,0.6,0.7,0.8,3
0.1,0.2,0.8,0.7,0.6,0.6,0.7,0.6,0.7,1
0.3,0.3,0.6,0.5,0.8,0.7,0.5,0.6,0.9,1
0.4,0.4,0.7,0.5,0.7,0.6,0.7,0.7,0.5,1
0.7,0.8,0.5,0.7,0.2,0.3,0.5,0.7,0.7,3
0.6,0.8,0.6,0.7,0.1,0.1,0.7,0.6,0.6,3
0.6,0.8,0.2,0.2,0.6,0.7,0.5,0.6,0.9,2
0.6,0.6,0.6,0.5,0.6,0.8,0.1,0.1,0.6,4
0.2,0.3,0.5,0.8,0.5,0.5,0.5,0.6,0.8,1
0.1,0.1,0.8,0.7,0.8,0.8,0.7,0.8,0.8,1
0.7,0.5,0.2,0.4,0.7,0.5,0.6,0.5,0.6,2
0.7,0.5,0.5,0.6,0.5,0.6,0.1,0.2,0.5,4
0.5,0.8,0.6,0.6,0.8,0.7,0.3,0.4,0.7,4
0.6,0.7,0.1,0.4,0.8,0.6,0.7,0.8,0.9,2
0.6,0.5,0.8,0.6,0.2,0.4,0.7,0.8,0.6,3
0.7,0.6,0.1,0.4,0.5,0.7,0.5,0.6,0.7,2
0.3,0.1,0.7,0.8,0.6,0.6,0.8,0.8,0.8,1
0.5,0.5,0.5,0.6,0.4,0.1,0.8,0.8,0.9,3
0.8,0.5,0.6,0.8,0.6,0.7,0.2,0.1,0.8,4
0.6,0.7,0.5,0.8,0.2,0.1,0.8,0.6,0.7,3
0.6,0.6,0.1,0.4,0.6,0.7,0.6,0.7,0.9,2
0.5,0.7,0.5,0.6,0.1,0.2,0.5,0.6,0.6,3
0.4,0.4,0.6,0.8,0.8,0.8,0.6,0.8,0.7,1
0.6,0.7,0.6,0.6,0.3,0.2,0.5,0.7,0.9,3
0.5,0.5,0.5,0.7,0.2,0.1,0.5,0.7,0.8,3
0.3,0.1,0.6,0.8,0.8,0.6,0.5,0.7,0.6,1
0.6,0.7,0.4,0.4,0.6,0.7,0.6,0.8,0.9,2
0.5,0.5,0.7,0.6,0.6,0.7,0.1,0.2,0.9,4
0.8,0.6,0.6,0.5,0.1,0.2,0.5,0.7,0.5,3
0.2,0.1,0.5,0.8,0.8,0.5,0.7,0.5,0.6,1
0.7,0.6,0.7,0.6,0.6,0.7,0.1,0.4,0.6,4
0.5,0.5,0.6,0.7,0.7,0.5,0.4,0.4,0.8,4
0.2,0.3,0.7,0.7,0.7,0.5,0.6,0.5,0.8,1
0.7,0.6,0.6,0.6,0.6,0.6,0.4,0.4,0.7,4
0.8,0.8,0.6,0.7,0.4,0.4,0.7,0.7,0.6,3
0.7,0.5,0.8,0.5,0.5,0.7,0.1,0.3,0.8,4
0.5,0.8,0.5,0.5,0.4,0.1,0.7,0.6,0.9,3
0.7,0.5,0.8,0.7,0.3,0.3,0.5,0.5,0.8,3
0.6,0.6,0.3,0.2,0.6,0.8,0.5,0.5,0.7,2
0.5,0.6,0.5,0.7,0.1,0.2,0.8,0.5,0.6,3
0.1,0.1,0.7,0.7,0.7,0.7,0.5,0.8,0.6,1
0.2,0.4,0.8,0.6,0.5,0.7,0.7,0.6,0.7,1
0.4,0.1,0.5,0.5,0.8,0.6,0.7,0.8,0.6,1
0.6,0.8,0.2,0.3,0.5,0.8,0.5,0.6,0.7,2
0.8,0.6,0.4,0.3,0.5,0.6,0.7,0.7,0.8,2
0.7,0.8,0.3,0.1,0.6,0.7,0.7,0.7,0.9,2
0.8,0.5,0.7,0.8,0.4,0.3,0.7,0.7,0.9,3
0.6,0.6,0.6,0.7,0.7,0.8,0.4,0.4,0.5,4
0.7,0.6,0.3,0.2,0.5,0.6,0.8,0.6,0.7,2
0.7,0.6,0.3,0.3,0.8,0.8,0.5,0.8,0.9,2
0.2,0.2,0.6,0.5,0.7,0.6,0.5,0.8,0.7,1
0.8,0.6,0.2,0.4,0.6,0.8,0.7,0.7,0.6,2
0.5,0.6,0.1,0.3,0.8,0.8,0.7,0.5,0.5,2
0.5,0.5,0.5,0.8,0.5,0.8,0.4,0.2,0.8,4
0.6,0.5,0.4,0.2,0.8,0.5,0.7,0.7,0.9,2
0.3,0.2,0.8,0.7,0.6,0.7,0.6,0.5,0.8,1
0.6,0.6,0.3,0.1,0.5,0.8,0.8,0.6,0.9,2
0.8,0.7,0.7,0.6,0.6,0.6,0.1,0.1,0.6,4
0.6,0.8,0.3,0.3,0.7,0.8,0.6,0.5,0.6,2
0.7,0.8,0.1,0.1,0.8,0.8,0.8,0.5,0.6,2
0.5,0.6,0.5,0.7,0.3,0.4,0.6,0.8,0.7,3
0.8,0.8,0.5,0.7,0.1,0.2,0.6,0.5,0.6,3
0.6,0.7,0.6,0.6,0.1,0.1,0.8,0.7,0.9,3
0.5,0.5,0.4,0.2,0.7,0.7,0.6,0.8,0.8,2
0.7,0.8,0.5,0.8,0.3,0.4,0.6,0.5,0.9,3
0.8,0.7,0.3,0.2,0.6,0.6,0.5,0.5,0.7,2
0.4,0.1,0.6,0.8,0.7,0.7,0.5,0.7,0.7,1
0.8,0.7,0.5,0.7,0.6,0.6,0.1,0.4,0.9,4
0.3,0.2,0.8,0.5,0.5,0.8,0.7,0.6,0.8,1
0.6,0.6,0.7,0.7,0.4,0.1,0.8,0.8,0.8,3
0.6,0.8,0.8,0.7,0.7,0.7,0.4,0.2,0.7,4
0.7,0.7,0.3,0.1,0.5,0.5,0.6,0.6,0.8,2
0.4,0.1,0.5,0.8,0.7,0.6,0.7,0.6,0.5,1
0.3,0.3,0.8,0.5,0.8,0.6,0.6,0.5,0.6,1
0.7,0.6,0.4,0.2,0.8,0.7,0.6,0.8,0.7,2
0.7,0.8,0.7,0.6,0.8,0.6,0.3,0.1,0.7,4
0.6,0.8,0.7,0.5,0.7,0.8,0.1,0.1,0.6,4
0.8,0.5,0.1,0.2,0.8,0.8,0.5,0.6,0.6,2
0.8,0.6,0.1,0.2,0.5,0.5,0.6,0.6,0.6,2
0.2,0.2,0.7,0.5,0.5,0.6,0.6,0.6,0.6,1
0.7,0.6,0.6,0.6,0.1,0.4,0.6,0.7,0.9,3
0.6,0.6,0.2,0.4,0.8,0.8,0.7,0.6,0.7,2
0.6,0.7,0.5,0.7,0.4,0.4,0.8,0.7,0.8,3
0.3,0.1,0.8,0.7,0.8,0.8,0.6,0.6,0.5,1
0.1,0.4,0.7,0.6,0.5,0.6,0.6,0.6,0.9,1
0.5,0.7,0.7,0.7,0.3,0.4,0.7,0.5,0.8,3
0.6,0.7,0.8,0.7,0.1,0.3,0.8,0.8,0.7,3
0.1,0.4,0.5,0.7,0.8,0.7,0.5,0.5,0.9,1
0.6,0.7,0.5,0.6,0.8,0.8,0.2,0.3,0.9,4
0.6,0.5,0.6,0.8,0.5,0.6,0.4,0.1,0.8,4
0.2,0.4,0.8,0.8,0.7,0.5,0.7,0.5,0.8,1
0.6,0.8,0.3,0.4,0.7,0.5,0.5,0.5,0.6,2
0.5,0.7,0.1,0.4,0.7,0.8,0.5,0.7,0.6,2
0.8,0.7,0.8,0.7,0.6,0.5,0.3,0.4,0.7,4
0.8,0.6,0.1,0.1,0.7,0.7,0.5,0.5,0.9,2
0.6,0.8,0.3,0.3,0.6,0.7,0.5,0.5,0.8,2
0.7,0.7,0.7,0.5,0.5,0.6,0.3,0.2,0.9,4
0.8,0.7,0.5,0.6,0.5,0.5,0.3,0.3,0.7,4
0.6,0.6,0.8,0.7,0.6,0.6,0.4,0.3,0.5,4
0.8,0.7,0.6,0.8,0.3,0.3,0.5,0.6,0.6,3
0.7,0.7,0.8,0.6,0.4,0.4,0.8,0.8,0.9,3
0.1,0.3,0.5,0.6,0.7,0.8,0.8,0.8,0.7,1
0.1,0.1,0.8,0.8,0.5,0.7,0.8,0.6,0.8,1
0.6,0.8,0.8,0.6,0.3,0.1,0.8,0.7,0.5,3
0.5,0.7,0.5,0.6,0.3,0.3,0.8,0.7,0.8,3
0.5,0.5,0.8,0.8,0.6,0.6,0.4,0.1,0.8,4
0.3,0.1,0.5,0.5,0.6,0.7,0.7,0.7,0.9,1
0.2,0.1,0.5,0.6,0.5,0.7,0.6,0.7,0.7,1
0.6,0.5,0.6,0.8,0.5,0.5,0.1,0.4,0.7,4
0.7,0.6,0.5,0.7,0.7,0.5,0.1,0.1,0.6,4
0.7,0.5,0.3,0.3,0.5,0.5,0.7,0.8,0.9,2
0.6,0.8,0.1,0.4,0.5,0.5,0.6,0.5,0.6,2
0.7,0.6,0.5,0.7,0.6,0.7,0.4,0.4,0.9,4
0.1,0.2,0.8,0.8,0.7,0.7,0.6,0.8,0.7,1
0.6,0.5,0.8,0.8,0.3,0.1,0.7,0.5,0.7,3
0.5,0.7,0.8,0.7,0.2,0.3,0.6,0.8,0.7,3
0.4,0.3,0.5,0.8,0.7,0.7,0.5,0.7,0.5,1
0.6,0.8,0.1,0.1,0.7,0.5,0.6,0.7,0.9,2
0.2,0.4,0.6,0.5,0.8,0.8,0.8,0.7,0.8,1
0.2,0.2,0.7,0.8,0.8,0.7,0.6,0.6,0.8,1
0.6,0.6,0.7,0.5,0.5,0.5,0.3,0.2,0.7,4
0.6,0.6,0.7,0.6,0.6,0.5,0.1,0.3,0.6,4
0.7,0.5,0.6,0.6,0.7,0.8,0.2,0.1,0.7,4
0.6,0.6,0.6,0.6,0.5,0.8,0.3,0.1,0.9,4
0.3,0.1,0.8,0.8,0.7,0.8,0.8,0.8,0.9,1
0.7,0.7,0.7,0.6,0.3,0.4,0.6,0.7,0.9,3
0.7,0.6,0.4,0.1,0.6,0.6,0.7,0.5,0.8,2
0.6,0.6,0.6,0.5,0.2,0.4,0.6,0.6,0.5,3
0.5,0.5,0.2,0.2,0.6,0.6,0.7,0.8,0.7,2
0.4,0.1,0.8,0.5,0.7,0.8,0.8,0.7,0.9,1
0.1,0.1,0.8,0.5,0.6,0.7,0.8,0.5,0.9,1
0.2,0.2,0.8,0.8,0.6,0.8,0.8,0.8,0.9,1
0.7,0.5,0.8,0.8,0.8,0.7,0.4,0.4,0.7,4
0.1,0.2,0.6,0.7,0.8,0.6,0.5,0.7,0.9,1
0.6,0.6,0.2,0.3,0.8,0.6,0.8,0.5,0.9,2
0.4,0.4,0.8,0.8,0.8,0.7,0.6,0.7,0.8,1
0.6,0.5,0.7,0.5,0.6,0.8,0.2,0.3,0.8,4
0.6,0.6,0.5,0.8,0.4,0.2,0.8,0.5,0.8,3
0.5,0.5,0.1,0.2,0.6,0.6,0.7,0.8,0.7,2
0.7,0.5,0.7,0.8,0.7,0.5,0.3,0.2,0.5,4
0.3,0.3,0.8,0.8,0.6,0.6,0.6,0.6,0.9,1
0.7,0.8,0.6,0.6,0.3,0.1,0.7,0.8,0.9,3
0.7,0.8,0.6,0.8,0.1,0.4,0.7,0.5,0.9,3
0.5,0.7,0.8,0.5,0.7,0.7,0.4,0.3,0.8,4
0.5,0.7,0.6,0.5,0.2,0.1,0.6,0.6,0.6,3
0.4,0.3,0.5,0.7,0.6,0.5,0.8,0.6,0.9,1
0.7,0.8,0.7,0.5,0.4,0.2,0.5,0.8,0.7,3
0.8,0.8,0.8,0.5,0.3,0.4,0.7,0.6,0.6,3
0.3,0.3,0.5,0.6,0.8,0.7,0.5,0.7,0.7,1
0.5,0.6,0.7,0.7,0.4,0.4,0.8,0.6,0.6,3
0.6,0.5,0.8,0.5,0.4,0.2,0.5,0.7,0.5,3
0.7,0.5,0.6,0.6,0.5,0.8,0.4,0.3,0.6,4
0.8,0.5,0.8,0.8,0.6,0.8,0.3,0.4,0.6,4
0.6,0.6,0.2,0.2,0.5,0.7,0.5,0.8,0.9,2
0.8,0.8,0.8,0.7,0.2,0.1,0.6,0.6,0.7,3
0.7,0.5,0.7,0.7,0.8,0.6,0.3,0.1,0.5,4
0.2,0.3,0.5,0.8,0.7,0.5,0.8,0.8,0.9,1
0.6,0.5,0.2,0.4,0.6,0.7,0.6,0.6,0.9,2
0.1,0.1,0.8,0.7,0.8,0.6,0.8,0.5,0.8,1
0.7,0.7,0.1,0.1,0.7,0.6,0.7,0.8,0.8,2
0.5,0.8,0.8,0.6,0.7,0.7,0.3,0.2,0.8,4
0.5,0.7,0.8,0.6,0.8,0.8,0.2,0.4,0.6,4
0.6,0.5,0.5,0.5,0.5,0.5,0.4,0.2,0.5,4
0.8,0.5,0.7,0.7,0.8,0.8,0.3,0.1,0.7,4
0.3,0.1,0.7,0.8,0.6,0.6,0.6,0.7,0.7,1
0.5,0.8,0.6,0.7,0.8,0.8,0.4,0.2,0.5,4
0.4,0.1,0.8,0.6,0.5,0.6,0.6,0.7,0.8,1
0.5,0.8,0.3,0.3,0.7,0.5,0.5,0.6,0.5,2
0.7,0.6,0.3,0.3,0.6,0.8,0.8,0.5,0.7,2
0.3,0.2,0.8,0.7,0.8,0.5,0.5,0.7,0.8,1
0.7,0.6,0.3,0.4,0.8,0.6,0.7,0.8,0.5,2
0.7,0.6,0.1,0.4,0.8,0.5,0.5,0.5,0.6,2
0.5,0.7,0.8,0.6,0.1,0.1,0.8,0.7,0.6,3
0.6,0.6,0.1,0.3,0.6,0.5,0.6,0.8,0.5,2
0.3,0.2,0.8,0.8,0.5,0.6,0.8,0.7,0.9,1
0.6,0.6,0.2,0.3,0.8,0.5,0.8,0.6,0.6,2
0.6,0.8,0.5,0.5,0.3,0.4,0.7,0.7,0.6,3
0.5,0.5,0.5,0.8,0.1,0.1,0.8,0.6,0.9,3
0.8,0.5,0.1,0.1,0.7,0.6,0.5,0.6,0.8,2
0.5,0.8,0.1,0.4,0.8,0.7,0.6,0.7,0.7,2
0.6,0.6,0.5,0.6,0.1,0.2,0.8,0.7,0.5,3
0.8,0.7,0.6,0.5,0.2,0.3,0.6,0.7,0.6,3
0.7,0.5,0.4,0.4,0.7,0.7,0.8,0.7,0.9,2
0.3,0.1,0.5,0.7,0.7,0.6,0.8,0.8,0.9,1
0.2,0.2,0.6,0.6,0.6,0.5,0.8,0.5,0.7,1
0.6,0.7,0.3,0.2,0.6,0.5,0.6,0.6,0.6,2
0.8,0.5,0.3,0.1,0.5,0.6,0.5,0.6,0.5,2
0.5,0.6,0.8,0.8,0.6,0.5,0.4,0.2,0.6,4
0.6,0.5,0.2,0.4,0.6,0.7,0.6,0.8,0.6,2
0.6,0.6,0.3,0.3,0.8,0.7,0.6,0.6,0.5,2
0.7,0.7,0.7,0.5,0.4,0.4,0.6,0.8,0.9,3
0.3,0.2,0.6,0.5,0.8,0.7,0.6,0.6,0.8,1
0.6,0.5,0.3,0.4,0.8,0.8,0.8,0.8,0.8,2
0.7,0.5,0.7,0.6,0.4,0.4,0.8,0.6,0.7,3
0.7,0.5,0.8,0.6,0.5,0.8,0.3,0.4,0.9,4
0.8,0.5,0.1,0.3,0.7,0.7,0.7,0.8,0.9,2
0.3,0.4,0.8,0.5,0.6,0.5,0.6,0.7,0.6,1
0.1,0.3,0.8,0.8,0.5,0.6,0.5,0.6,0.9,1
0.7,0.7,0.7,0.8,0.3,0.2,0.8,0.7,0.6,3
0.3,0.1,0.8,0.5,0.7,0.7,0.7,0.5,0.6,1
0.7,0.8,0.4,0.1,0.7,0.5,0.5,0.5,0.6,2
0.5,0.5,0.8,0.8,0.3,0.4,0.8,0.7,0.9,3
0.5,0.8,0.8,0.7,0.5,0.7,0.1,0.4,0.7,4
0.8,0.8,0.3,0.4,0.6,0.7,0.6,0.6,0.6,2
0.7,0.7,0.1,0.1,0.5,0.7,0.7,0.8,0.5,2
0.2,0.4,0.8,0.6,0.5,0.7,0.5,0.5,0.8,1
0.7,0.5,0.4,0.3,0.6,0.5,0.8,0.8,0.8,2
0.5,0.7,0.3,0.1,0.7,0.7,0.5,0.6,0.6,2
0.8,0.7,0.7,0.6,0.7,0.7,0.3,0.4,0.5,4
0.5,0.6,0.7,0.6,0.4,0.3,0.7,0.6,0.6,3
0.6,0.7,0.7,0.8,0.5,0.7,0.4,0.1,0.6,4
0.7,0.6,0.7,0.7,0.2,0.2,0.7,0.7,0.5,3
0.6,0.8,0.7,0.5,0.3,0.2,0.5,0.8,0.6,3
0.2,0.2,0.5,0.8,0.6,0.6,0.8,0.8,0.5,1
0.4,0.1,0.5,0.8,0.6,0.7,0.7,0.5,0.6,1
0.5,0.8,0.3,0.1,0.7,0.6,0.8,0.7,0.9,2
0.8,0.7,0.8,0.5,0.2,0.3,0.8,0.6,0.9,3
0.2,0.1,0.5,0.7,0.8,0.6,0.5,0.6,0.6,1
0.5,0.8,0.2,0.3,0.8,0.7,0.6,0.6,0.6,2
0.2,0.2,0.6,0.7,0.8,0.8,0.7,0.8,0.5,1
0.8,0.6,0.7,0.6,0.6,0.5,0.3,0.3,0.7,4
0.8,0.8,0.3,0.3,0.8,0.6,0.7,0.5,0.9,2
0.6,0.7,0.3,0.1,0.5,0.5,0.6,0.8,0.5,2
0.3,0.2,0.7,0.8,0.8,0.8,0.8,0.6,0.7,1
0.1,0.1,0.6,0.6,0.8,0.7,0.7,0.7,0.7,1
0.8,0.6,0.2,0.2,0.8,0.8,0.6,0.5,0.6,2
0.6,0.5,0.8,0.5,0.4,0.1,0.8,0.8,0.8,3
0.8,0.6,0.8,0.7,0.8,0.5,0.4,0.2,0.8,4
0.6,0.6,0.5,0.7,0.6,0.7,0.2,0.4,0.9,4
0.8,0.7,0.5,0.6,0.3,0.4,0.5,0.5,0.7,3
0.1,0.4,0.7,0.7,0.5,0.6,0.5,0.7,0.6,1
0.8,0.8,0.8,0.8,0.3,0.3,0.8,0.6,0.7,3
0.2,0.4,0.8,0.8,0.8,0.6,0.6,0.5,0.8,1
0.6,0.8,0.6,0.8,0.5,0.7,0.2,0.1,0.8,4
0.8,0.6,0.6,0.6,0.2,0.1,0.6,0.6,0.9,3
0.5,0.5,0.6,0.7,0.8,0.7,0.3,0.1,0.8,4
0.3,0.2,0.8,0.6,0.7,0.5,0.7,0.7,0.6,1
0.1,0.4,0.7,0.6,0.6,0.5,0.6,0.5,0.9,1
0.7,0.5,0.2,0.4,0.5,0.7,0.7,0.5,0.9,2
0.6,0.8,0.5,0.5,0.6,0.7,0.1,0.3,0.8,4
0.7,0.7,0.6,0.6,0.8,0.6,0.3,0.4,0.5,4
0.2,0.2,0.6,0.8,0.7,0.5,0.8,0.8,0.6,1
0.5,0.5,0.2,0.4,0.7,0.5,0.6,0.5,0.9,2
0.6,0.7,0.8,0.7,0.2,0.2,0.6,0.5,0.5,3
0.6,0.8,0.4,0.3,0.7,0.5,0.5,0.6,0.6,2
0.5,0.7,0.8,0.7,0.1,0.2,0.5,0.6,0.6,3
0.1,0.2,0.8,0.6,0.8,0.5,0.5,0.7,0.5,1
0.3,0.1,0.7,0.7,0.5,0.7,0.8,0.8,0.5,1
0.1,0.3,0.6,0.8,0.8,0.8,0.6,0.8,0.7,1
0.6,0.6,0.7,0.5,0.5,0.7,0.2,0.2,0.7,4
0.7,0.7,0.3,0.3,0.6,0.7,0.5,0.5,0.7,2
0.5,0.5,0.6,0.5,0.2,0.3,0.8,0.7,0.7,3
0.5,0.6,0.7,0.7,0.1,0.1,0.7,0.7,0.6,3
0.5,0.7,0.5,0.8,0.1,0.1,0.7,0.8,0.6,3
0.1,0.2,0.5,0.8,0.5,0.7,0.5,0.7,0.5,1
0.6,0.5,0.8,0.5,0.5,0.8,0.3,0.3,0.9,4
0.2,0.1,0.8,0.8,0.6,0.6,0.7,0.6,0.6,1
0.3,0.4,0.6,0.8,0.7,0.6,0.7,0.6,0.5,1
0.5,0.7,0.5,0.5,0.8,0.6,0.1,0.2,0.7,4
0.5,0.5,0.3,0.4,0.6,0.7,0.8,0.7,0.5,2
0.8,0.5,0.6,0.5,0.8,0.8,0.4,0.2,0.6,4
0.1,0.2,0.8,0.6,0.5,0.7,0.5,0.8,0.6,1
0.6,0.5,0.3,0.2,0.8,0.5,0.8,0.6,0.9,2
0.4,0.1,0.5,0.8,0.6,0.7,0.6,0.7,0.6,1
0.6,0.7,0.7,0.6,0.6,0.7,0.2,0.1,0.8,4
0.6,0.5,0.2,0.3,0.5,0.8,0.6,0.7,0.6,2
0.7,0.8,0.7,0.7,0.2,0.1,0.5,0.8,0.6,3
0.5,0.7,0.1,0.4,0.8,0.7,0.5,0.5,0.9,2
0.2,0.3,0.5,0.7,0.6,0.5,0.5,0.8,0.5,1
0.8,0.5,0.7,0.7,0.2,0.2,0.5,0.5,0.5,3
0.8,0.7,0.4,0.2,0.8,0.6,0.6,0.8,0.5,2
0.8,0.6,0.7,0.7,0.7,0.7,0.1,0.4,0.8,4
0.8,0.5,0.3,0.3,0.8,0.7,0.6,0.8,0.7,2
0.7,0.5,0.5,0.7,0.7,0.5,0.2,0.4,0.8,4
0.2,0.3,0.8,0.6,0.8,0.8,0.6,0.5,0.9,1
0.6,0.7,0.7,0.7,0.7,0.8,0.2,0.2,0.9,4
0.6,0.5,0.7,0.8,0.4,0.3,0.6,0.5,0.7,3
0.7,0.7,0.5,0.7,0.6,0.7,0.3,0.3,0.7,4
0.1,0.2,0.6,0.5,0.7,0.5,0.6,0.7,0.5,1
0.7,0.5,0.8,0.5,0.3,0.1,0.5,0.5,0.9,3
0.1,0.3,0.6,0.5,0.7,0.6,0.7,0.7,0.5,1
0.6,0.5,0.3,0.1,0.8,0.8,0.5,0.5,0.8,2
0.1,0.1,0.8,0.5,0.8,0.5,0.5,0.8,0.5,1
0.7,0.8,0.6,0.7,0.3,0.1,0.7,0.5,0.6,3
0.7,0.5,0.4,0.4,0.7,0.6,0.6,0.8,0.9,2
0.8,0.5,0.2,0.2,0.6,0.6,0.6,0.5,0.6,2
0.7,0.8,0.7,0.6,0.5,0.5,0.3,0.4,0.8,4
0.5,0.6,0.5,0.5,0.4,0.4,0.5,0.5,0.6,3
0.5,0.5,0.5,0.7,0.1,0.1,0.7,0.7,0.5,3
0.8,0.7,0.2,0.2,0.5,0.8,0.6,0.6,0.9,2
0.3,0.3,0.6,0.7,0.8,0.8,0.7,0.5,0.9,1
0.2,0.2,0.6,0.5,0.5,0.7,0.8,0.8,0.5,1
0.5,0.6,0.7,0.5,0.1,0.2,0.5,0.6,0.9,3
0.8,0.7,0.5,0.5,0.2,0.1,0.5,0.7,0.9,3
0.1,0.1,0.6,0.6,0.7,0.6,0.5,0.7,0.6,1
0.7,0.6,0.6,0.5,0.4,0.1,0.7,0.6,0.6,3
0.1,0.2,0.7,0.5,0.5,0.8,0.8,0.7,0.9,1
0.3,0.2,0.7,0.6,0.5,0.5,0.6,0.7,0.8,1
0.5,0.6,0.6,0.8,0.8,0.7,0.4,0.1,0.6,4
0.5,0.8,0.2,0.4,0.7,0.7,0.8,0.5,0.7,2
0.7,0.6,0.2,0.1,0.7,0.5,0.8,0.5,0.6,2
0.8,0.5,0.2,0.1,0.8,0.6,0.6,0.5,0.5,2
0.6,0.7,0.8,0.7,0.1,0.1,0.6,0.7,0.6,3
0.7,0.6,0.1,0.3,0.6,0.6,0.7,0.7,0.7,2
0.8,0.5,0.1,0.2,0.8,0.6,0.7,0.7,0.8,2
0.6,0.5,0.7,0.8,0.5,0.6,0.1,0.3,0.7,4
0.7,0.8,0.5,0.8,0.6,0.7,0.3,0.1,0.8,4
0.8,0.6,0.7,0.6,0.6,0.7,0.3,0.4,0.5,4
0.8,0.6,0.8,0.8,0.2,0.3,0.6,0.6,0.8,3
0.8,0.8,0.3,0.3,0.8,0.6,0.7,0.8,0.6,2
0.5,0.7,0.5,0.6,0.1,0.1,0.6,0.7,0.8,3
0.8,0.6,0.5,0.5,0.6,0.6,0.1,0.2,0.9,4
0.5,0.5,0.3,0.1,0.8,0.6,0.8,0.5,0.8,2
0.6,0.8,0.5,0.5,0.3,0.4,0.6,0.7,0.7,3
0.7,0.8,0.5,0.7,0.5,0.6,0.2,0.3,0.7,4
0.5,0.8,0.2,0.1,0.5,0.6,0.6,0.6,0.7,2
0.8,0.8,0.5,0.6,0.7,0.7,0.1,0.3,0.9,4
0.7,0.6,0.7,0.8,0.1,0.4,0.7,0.5,0.9,3
0.2,0.1,0.5,0.7,0.6,0.6,0.6,0.6,0.5,1
0.7,0.8,0.4,0.3,0.5,0.6,0.7,0.5,0.6,2
0.6,0.7,0.7,0.8,0.1,0.3,0.6,0.6,0.8,3
0.8,0.6,0.6,0.7,0.6,0.7,0.1,0.4,0.6,4
0.1,0.3,0.7,0.6,0.5,0.5,0.6,0.5,0.9,1
0.5,0.7,0.5,0.6,0.8,0.7,0.3,0.2,0.5,4
0.8,0.5,0.6,0.5,0.8,0.8,0.3,0.4,0.9,4
0.4,0.4,0.6,0.5,0.8,0.6,0.7,0.8,0.5,1
0.2,0.2,0.7,0.5,0.5,0.6,0.5,0.6,0.9,1
0.3,0.1,0.6,0.6,0.6,0.7,0.6,0.8,0.9,1
0.6,0.6,0.5,0.7,0.2,0.3,0.7,0.6,0.7,3
0.5,0.6,0.6,0.7,0.7,0.8,0.2,0.1,0.6,4
0.3,0.3,0.7,0.7,0.7,0.6,0.8,0.7,0.9,1
0.2,0.1,0.5,0.6,0.8,0.7,0.6,0.5,0.9,1
0.6,0.8,0.5,0.6,0.8,0.8,0.4,0.1,0.8,4
0.7,0.7,0.7,0.6,0.8,0.5,0.1,0.1,0.9,4
0.8,0.5,0.7,0.7,0.7,0.8,0.3,0.3,0.8,4
0.5,0.5,0.4,0.3,0.8,0.5,0.8,0.7,0.5,2
0.7,0.5,0.5,0.7,0.8,0.5,0.4,0.4,0.7,4
0.5,0.6,0.6,0.7,0.7,0.5,0.2,0.2,0.9,4
0.7,0.6,0.8,0.6,0.6,0.8,0.4,0.1,0.7,4
0.8,0.8,0.5,0.5,0.8,0.5,0.3,0.2,0.5,4
0.8,0.8,0.6,0.6,0.5,0.7,0.2,0.4,0.9,4
0.5,0.7,0.6,0.6,0.6,0.6,0.3,0.4,0.9,4
0.7,0.6,0.3,0.4,0.7,0.8,0.5,0.6,0.9,2
0.7,0.7,0.6,0.5,0.4,0.3,0.6,0.6,0.9,3
0.7,0.7,0.1,0.4,0.7,0.6,0.6,0.8,0.8,2
0.7,0.7,0.2,0.4,0.8,0.5,0.8,0.5,0.8,2
0.8,0.6,0.6,0.6,0.8,0.6,0.2,0.1,0.8,4
0.7,0.5,0.5,0.7,0.2,0.3,0.5,0.8,0.8,3
0.7,0.8,0.5,0.6,0.3,0.1,0.7,0.5,0.7,3
0.1,0.1,0.6,0.5,0.7,0.7,0.8,0.6,0.9,1
0.6,0.6,0.5,0.5,0.7,0.7,0.3,0.4,0.5,4
0.4,0.2,0.6,0.7,0.7,0.7,0.5,0.7,0.7,1
0.5,0.7,0.7,0.7,0.7,0.7,0.4,0.1,0.9,4
0.6,0.6,0.1,0.2,0.8,0.7,0.5,0.6,0.8,2
0.5,0.8,0.1,0.1,0.6,0.7,0.5,0.7,0.9,2
0.6,0.7,0.6,0.7,0.4,0.3,0.8,0.8,0.9,3
0.5,0.8,0.1,0.1,0.8,0.5,0.6,0.7,0.7,2
0.8,0.8,0.8,0.6,0.2,0.1,0.8,0.6,0.6,3
0.8,0.7,0.5,0.7,0.4,0.2,0.5,0.8,0.7,3
0.5,0.6,0.4,0.2,0.5,0.7,0.5,0.7,0.5,2
0.7,0.7,0.8,0.5,0.2,0.3,0.8,0.5,0.8,3
0.7,0.7,0.1,0.2,0.5,0.6,0.7,0.8,0.7,2
0.2,0.1,0.5,0.6,0.7,0.7,0.7,0.5,0.7,1
0.6,0.8,0.5,0.7,0.2,0.2,0.8,0.7,0.8,3
0.8,0.7,0.8,0.6,0.5,0.8,0.3,0.4,0.5,4
0.8,0.8,0.6,0.7,0.8,0.8,0.4,0.2,0.8,4
0.6,0.7,0.6,0.8,0.2,0.3,0.8,0.5,0.7,3
0.2,0.1,0.5,0.7,0.5,0.8,0.8,0.5,0.8,1
0.5,0.6,0.2,0.1,0.5,0.8,0.6,0.6,0.9,2
0.7,0.5,0.8,0.6,0.4,0.2,0.5,0.7,0.7,3
0.1,0.4,0.8,0.6,0.6,0.8,0.5,0.7,0.6,1
0.8,0.6,0.6,0.5,0.3,0.4,0.7,0.6,0.7,3
0.6,0.8,0.8,0.6,0.7,0.6,0.1,0.2,0.9,4
0.1,0.2,0.5,0.8,0.5,0.5,0.7,0.6,0.6,1
0.7,0.5,0.6,0.5,0.6,0.6,0.2,0.2,0.7,4
0.2,0.3,0.8,0.8,0.7,0.8,0.5,0.6,0.9,1
0.3,0.2,0.5,0.8,0.7,0.7,0.5,0.7,0.7,1
0.7,0.6,0.8,0.5,0.5,0.6,0.4,0.1,0.9,4
0.6,0.6,0.1,0.4,0.6,0.6,0.5,0.8,0.6,2
0.7,0.6,0.5,0.6,0.4,0.4,0.8,0.6,0.6,3
0.6,0.6,0.1,0.3,0.5,0.7,0.7,0.5,0.7,2
0.6,0.7,0.2,0.4,0.7,0.8,0.8,0.8,0.9,2
0.5,0.7,0.7,0.6,0.2,0.1,0.6,0.8,0.8,3
0.4,0.2,0.5,0.6,0.8,0.8,0.6,0.8,0.9,1
0.6,0.7,0.2,0.3,0.7,0.5,0.8,0.7,0.6,2
0.7,0.5,0.7,0.6,0.7,0.7,0.4,0.3,0.7,4
0.4,0.1,0.5,0.6,0.5,0.6,0.7,0.6,0.7,1
0.7,0.8,0.8,0.6,0.3,0.3,0.8,0.5,0.7,3
0.8,0.8,0.8,0.5,0.5,0.5,0.4,0.1,0.5,4
0.6,0.7,0.7,0.6,0.2,0.1,0.5,0.7,0.8,3
0.6,0.5,0.3,0.4,0.8,0.5,0.6,0.6,0.7,2
0.4,0.2,0.8,0.8,0.7,0.7,0.5,0.6,0.6,1
0.4,0.3,0.7,0.8,0.6,0.7,0.7,0.5,0.8,1
0.7,0.6,0.7,0.7,0.3,0.2,0.8,0.5,0.7,3
0.7,0.8,0.8,0.8,0.8,0.5,0.4,0.2,0.6,4
0.8,0.6,0.5,0.8,0.8,0.7,0.1,0.4,0.9,4
0.3,0.1,0.6,0.5,0.6,0.8,0.5,0.6,0.8,1
0.7,0.7,0.7,0.6,0.5,0.7,0.2,0.4,0.8,4
0.8,0.7,0.5,0.7,0.4,0.4,0.6,0.8,0.6,3
0.5,0.8,0.5,0.8,0.4,0.3,0.6,0.6,0.5,3
0.8,0.8,0.7,0.7,0.6,0.5,0.2,0.1,0.9,4
0.6,0.6,0.2,0.2,0.7,0.5,0.6,0.6,0.6,2
0.6,0.5,0.8,0.8,0.7,0.5,0.4,0.3,0.5,4
0.7,0.6,0.5,0.6,0.1,0.3,0.6,0.7,0.9,3
0.2,0.3,0.7,0.5,0.6,0.5,0.6,0.5,0.5,1
0.5,0.8,0.5,0.5,0.6,0.6,0.2,0.3,0.6,4
0.7,0.5,0.2,0.4,0.5,0.6,0.5,0.7,0.5,2
0.6,0.6,0.3,0.3,0.7,0.5,0.8,0.7,0.8,2
0.1,0.1,0.6,0.7,0.5,0.7,0.5,0.5,0.6,1
0.5,0.6,0.1,0.3,0.8,0.8,0.8,0.6,0.6,2
0.5,0.6,0.8,0.7,0.2,0.2,0.6,0.8,0.9,3
0.8,0.7,0.8,0.7,0.7,0.5,0.2,0.4,0.9,4
0.6,0.6,0.6,0.7,0.2,0.1,0.7,0.8,0.7,3
0.5,0.6,0.6,0.8,0.4,0.3,0.6,0.5,0.7,3
0.5,0.6,0.7,0.5,0.6,0.6,0.3,0.4,0.8,4
0.8,0.6,0.5,0.7,0.6,0.7,0.4,0.4,0.6,4
0.8,0.8,0.8,0.6,0.4,0.2,0.8,0.8,0.6,3
0.5,0.8,0.5,0.6,0.8,0.8,0.4,0.1,0.5,4
0.7,0.8,0.1,0.3,0.6,0.8,0.7,0.6,0.8,2
0.1,0.4,0.6,0.7,0.6,0.5,0.8,0.8,0.5,1
0.6,0.5,0.2,0.1,0.5,0.5,0.6,0.6,0.9,2
0.7,0.8,0.8,0.5,0.1,0.4,0.6,0.6,0.6,3
0.2,0.4,0.8,0.6,0.7,0.6,0.7,0.5,0.9,1
0.8,0.7,0.6,0.7,0.3,0.2,0.6,0.6,0.6,3
0.5,0.6,0.7,0.6,0.7,0.5,0.4,0.3,0.9,4
0.7,0.7,0.8,0.6,0.6,0.5,0.2,0.3,0.9,4
0.4,0.3,0.7,0.8,0.5,0.5,0.6,0.5,0.8,1
0.6,0.6,0.5,0.5,0.7,0.5,0.2,0.2,0.8,4
0.3,0.1,0.8,0.5,0.8,0.5,0.6,0.8,0.5,1
0.8,0.8,0.8,0.5,0.2,0.1,0.8,0.6,0.8,3
0.7,0.7,0.1,0.2,0.5,0.7,0.8,0.6,0.9,2
0.5,0.6,0.6,0.7,0.7,0.8,0.4,0.1,0.8,4
0.5,0.8,0.8,0.8,0.7,0.8,0.1,0.2,0.9,4
0.5,0.6,0.4,0.1,0.5,0.7,0.6,0.5,0.9,2
0.8,0.6,0.6,0.7,0.4,0.2,0.7,0.7,0.6,3
0.5,0.8,0.1,0.3,0.8,0.6,0.8,0.5,0.9,2
0.8,0.5,0.7,0.7,0.8,0.6,0.1,0.2,0.7,4
0.8,0.7,0.5,0.8,0.6,0.8,0.3,0.1,0.9,4
0.7,0.7,0.2,0.2,0.8,0.7,0.6,0.7,0.9,2
0.8,0.5,0.5,0.6,0.2,0.4,0.6,0.6,0.7,3
0.5,0.8,0.5,0.6,0.8,0.8,0.2,0.2,0.8,4
0.5,0.8,0.7,0.7,0.8,0.6,0.2,0.1,0.6,4
0.1,0.4,0.7,0.8,0.7,0.8,0.6,0.8,0.9,1
0.8,0.6,0.2,0.1,0.8,0.7,0.6,0.8,0.8,2
0.3,0.2,0.5,0.8,0.7,0.5,0.7,0.7,0.7,1
0.8,0.6,0.8,0.7,0.4,0.4,0.5,0.8,0.8,3
0.7,0.8,0.8,0.8,0.6,0.8,0.1,0.3,0.9,4
0.7,0.5,0.1,0.2,0.5,0.6,0.5,0.7,0.6,2
0.6,0.5,0.5,0.7,0.6,0.7,0.4,0.3,0.5,4
0.6,0.5,0.3,0.4,0.6,0.6,0.6,0.8,0.5,2
0.7,0.8,0.7,0.5,0.3,0.1,0.7,0.5,0.8,3
0.7,0.7,0.7,0.6,0.4,0.2,0.7,0.7,0.8,3
0.5,0.7,0.1,0.3,0.5,0.6,0.5,0.5,0.6,2
0.7,0.7,0.8,0.7,0.7,0.5,0.1,0.4,0.6,4
0.5,0.8,0.5,0.7,0.7,0.7,0.1,0.4,0.8,4
0.8,0.5,0.4,0.1,0.7,0.6,0.7,0.8,0.9,2
0.4,0.1,0.5,0.8,0.5,0.6,0.5,0.8,0.6,1
0.3,0.2,0.8,0.6,0.5,0.7,0.6,0.7,0.8,1
0.1,0.2,0.5,0.8,0.6,0.8,0.7,0.6,0.7,1
0.5,0.6,0.5,0.8,0.2,0.3,0.7,0.7,0.5,3
0.6,0.7,0.3,0.2,0.8,0.7,0.5,0.7,0.8,2
0.4,0.1,0.6,0.8,0.7,0.7,0.6,0.7,0.9,1
0.7,0.5,0.7,0.8,0.6,0.8,0.2,0.4,0.7,4
0.6,0.6,0.5,0.6,0.8,0.7,0.1,0.2,0.5,4
0.8,0.8,0.7,0.5,0.1,0.3,0.7,0.5,0.8,3
0.7,0.7,0.8,0.5,0.8,0.6,0.4,0.2,0.5,4
0.3,0.4,0.8,0.8,0.7,0.6,0.8,0.8,0.7,1
0.5,0.5,0.7,0.6,0.5,0.6,0.2,0.2,0.7,4
0.3,0.4,0.7,0.8,0.6,0.6,0.6,0.8,0.5,1
0.8,0.7,0.1,0.4,0.7,0.6,0.6,0.8,0.8,2
0.7,0.5,0.5,0.6,0.3,0.3,0.5,0.6,0.7,3
0.2,0.2,0.5,0.7,0.7,0.5,0.7,0.6,0.7,1
0.5,0.7,0.7,0.6,0.3,0.2,0.8,0.8,0.5,3
0.8,0.5,0.5,0.5,0.3,0.2,0.7,0.8,0.5,3
0.6,0.5,0.7,0.5,0.6,0.8,0.2,0.1,0.8,4
0.4,0.4,0.6,0.5,0.6,0.6,0.5,0.5,0.8,1
0.1,0.4,0.5,0.8,0.6,0.5,0.8,0.8,0.6,1
0.7,0.7,0.7,0.5,0.5,0.8,0.3,0.2,0.9,4
0.8,0.8,0.2,0.4,0.5,0.7,0.5,0.7,0.6,2
0.8,0.6,0.1,0.4,0.6,0.8,0.6,0.6,0.9,2
0.8,0.8,0.2,0.3,0.6,0.6,0.6,0.6,0.5,2
0.1,0.4,0.8,0.7,0.8,0.5,0.7,0.6,0.9,1
0.8,0.7,0.8,0.8,0.6,0.5,0.1,0.3,0.6,4
0.5,0.6,0.5,0.5,0.1,0.3,0.8,0.8,0.9,3
0.5,0.6,0.5,0.6,0.5,0.5,0.4,0.1,0.7,4
0.3,0.1,0.6,0.7,0.8,0.8,0.6,0.7,0.9,1
0.7,0.8,0.3,0.1,0.5,0.5,0.6,0.8,0.5,2
0.6,0.6,0.5,0.5,0.2,0.4,0.7,0.8,0.9,3
0.5,0.5,0.4,0.3,0.6,0.7,0.8,0.6,0.9,2
0.8,0.8,0.5,0.6,0.3,0.3,0.5,0.7,0.7,3
0.6,0.5,0.8,0.7,0.8,0.8,0.2,0.4,0.9,4
0.8,0.8,0.6,0.6,0.6,0.6,0.2,0.1,0.9,4
0.8,0.6,0.4,0.2,0.8,0.8,0.5,0.6,0.8,2
0.7,0.7,0.2,0.4,0.5,0.6,0.6,0.8,0.6,2
0.3,0.3,0.8,0.8,0.5,0.8,0.5,0.8,0.7,1
0.5,0.7,0.6,0.5,0.2,0.1,0.8,0.7,0.9,3
0.2,0.1,0.5,0.7,0.7,0.5,0.8,0.6,0.8,1
0.3,0.4,0.7,0.6,0.8,0.7,0.5,0.7,0.8,1
0.7,0.7,0.4,0.2,0.5,0.7,0.8,0.5,0.8,2
0.6,0.7,0.6,0.5,0.4,0.3,0.8,0.8,0.7,3
0.5,0.6,0.8,0.5,0.7,0.8,0.2,0.1,0.5,4
0.6,0.8,0.4,0.1,0.6,0.6,0.8,0.8,0.6,2
0.3,0.4,0.6,0.8,0.5,0.7,0.8,0.5,0.5,1
0.6,0.8,0.5,0.6,0.3,0.4,0.6,0.7,0.7,3
0.6,0.8,0.2,0.3,0.7,0.5,0.7,0.5,0.9,2
0.5,0.7,0.6,0.6,0.2,0.2,0.8,0.7,0.9,3
0.8,0.8,0.4,0.2,0.7,0.5,0.5,0.5,0.9,2
0.8,0.6,0.1,0.1,0.7,0.7,0.7,0.5,0.6,2
0.4,0.1,0.6,0.7,0.6,0.7,0.6,0.8,0.6,1
0.7,0.8,0.1,0.4,0.6,0.7,0.5,0.5,0.7,2
0.5,0.5,0.8,0.7,0.7,0.5,0.4,0.2,0.9,4
0.5,0.8,0.1,0.4,0.6,0.6,0.8,0.5,0.8,2
0.7,0.5,0.6,0.8,0.2,0.2,0.6,0.5,0.6,3
0.4,0.1,0.7,0.8,0.5,0.8,0.5,0.6,0.9,1
0.5,0.8,0.2,0.3,0.7,0.5,0.5,0.7,0.5,2
0.7,0.7,0.7,0.8,0.6,0.6,0.1,0.4,0.5,4
0.6,0.8,0.3,0.3,0.6,0.8,0.7,0.7,0.6,2
0.8,0.7,0.7,0.8,0.1,0.2,0.7,0.6,0.5,3
0.5,0.6,0.1,0.2,0.5,0.8,0.8,0.5,0.5,2
0.4,0.1,0.7,0.7,0.5,0.6,0.7,0.7,0.8,1
0.8,0.7,0.2,0.3,0.6,0.8,0.6,0.8,0.7,2
0.8,0.8,0.8,0.6,0.6,0.5,0.4,0.2,0.9,4
0.7,0.5,0.5,0.5,0.1,0.1,0.5,0.7,0.8,3
0.8,0.7,0.6,0.5,0.2,0.3,0.6,0.6,0.7,3
0.3,0.2,0.8,0.8,0.8,0.5,0.7,0.7,0.5,1
0.8,0.8,0.3,0.2,0.5,0.6,0.8,0.6,0.6,2
0.7,0.7,0.6,0.5,0.5,0.8,0.2,0.1,0.7,4
0.5,0.8,0.8,0.8,0.7,0.5,0.4,0.3,0.9,4
0.6,0.5,0.5,0.7,0.8,0.6,0.1,0.2,0.6,4
0.2,0.1,0.7,0.8,0.5,0.8,0.7,0.8,0.8,1
0.2,0.4,0.8,0.6,0.8,0.8,0.7,0.6,0.5,1
0.7,0.5,0.3,0.4,0.6,0.8,0.6,0.8,0.9,2
0.5,0.5,0.5,0.6,0.5,0.8,0.2,0.2,0.7,4
0.8,0.5,0.3,0.1,0.5,0.6,0.5,0.8,0.9,2
0.7,0.5,0.2,0.2,0.7,0.6,0.8,0.8,0.8,2
0.4,0.3,0.8,0.6,0.7,0.5,0.7,0.6,0.7,1
0.8,0.7,0.6,0.8,0.7,0.7,0.2,0.4,0.9,4
0.5,0.6,0.5,0.7,0.3,0.4,0.6,0.8,0.6,3
0.7,0.7,0.2,0.1,0.6,0.7,0.7,0.6,0.5,2
0.5,0.8,0.7,0.5,0.4,0.3,0.5,0.8,0.8,3
0.5,0.5,0.7,0.7,0.8,0.5,0.3,0.1,0.6,4
0.7,0.7,0.4,0.2,0.5,0.6,0.5,0.6,0.8,2
0.6,0.5,0.8,0.6,0.2,0.4,0.5,0.7,0.9,3
0.8,0.5,0.3,0.3,0.6,0.8,0.7,0.8,0.8,2
0.6,0.5,0.7,0.5,0.2,0.3,0.6,0.5,0.5,3
0.7,0.7,0.6,0.7,0.1,0.1,0.5,0.6,0.6,3
0.6,0.5,0.8,0.5,0.2,0.4,0.7,0.5,0.5,3
0.8,0.8,0.7,0.5,0.8,0.7,0.4,0.2,0.7,4
0.7,0.5,0.1,0.4,0.8,0.5,0.5,0.7,0.5,2
0.4,0.1,0.7,0.7,0.8,0.5,0.6,0.7,0.7,1
0.6,0.8,0.6,0.8,0.3,0.3,0.7,0.6,0.8,3
0.2,0.3,0.6,0.7,0.5,0.7,0.5,0.8,0.8,1
0.5,0.6,0.3,0.2,0.8,0.7,0.8,0.5,0.5,2
0.5,0.5,0.7,0.5,0.1,0.2,0.6,0.7,0.8,3
0.5,0.8,0.6,0.5,0.6,0.7,0.4,0.3,0.7,4
0.5,0.8,0.3,0.3,0.5,0.7,0.6,0.5,0.9,2
0.6,0.5,0.3,0.3,0.8,0.6,0.5,0.6,0.6,2
0.8,0.8,0.2,0.3,0.6,0.8,0.5,0.8,0.8,2
0.4,0.2,0.6,0.6,0.8,0.5,0.8,0.8,0.8,1
0.8,0.5,0.7,0.5,0.3,0.3,0.6,0.7,0.8,3
0.1,0.3,0.6,0.8,0.8,0.8,0.7,0.7,0.9,1
0.8,0.6,0.8,0.6,0.8,0.8,0.1,0.2,0.8,4
0.6,0.5,0.7,0.7,0.6,0.6,0.1,0.2,0.5,4
0.7,0.7,0.7,0.5,0.7,0.7,0.2,0.4,0.6,4
0.8,0.5,0.4,0.2,0.6,0.8,0.7,0.8,0.5,2
0.6,0.6,0.1,0.3,0.6,0.5,0.7,0.7,0.8,2
0.7,0.5,0.6,0.6,0.1,0.4,0.8,0.5,0.5,3
0.6,0.6,0.7,0.8,0.7,0.8,0.4,0.4,0.7,4
0.4,0.1,0.8,0.7,0.8,0.8,0.6,0.8,0.6,1
0.2,0.4,0.5,0.8,0.7,0.8,0.7,0.7,0.8,1
0.3,0.3,0.7,0.5,0.8,0.6,0.8,0.6,0.5,1
0.8,0.7,0.7,0.5,0.7,0.8,0.3,0.3,0.7,4
0.5,0.7,0.8,0.7,0.8,0.5,0.3,0.3,0.9,4
0.8,0.6,0.7,0.6,0.7,0.6,0.1,0.1,0.7,4
0.8,0.7,0.7,0.7,0.1,0.3,0.8,0.6,0.7,3
0.8,0.6,0.7,0.6,0.6,0.8,0.2,0.1,0.8,4
0.5,0.7,0.7,0.5,0.8,0.8,0.3,0.3,0.9,4
0.2,0.4,0.7,0.8,0.7,0.8,0.8,0.6,0.9,1
0.4,0.4,0.7,0.7,0.8,0.6,0.5,0.8,0.6,1
0.8,0.7,0.7,0.6,0.2,0.2,0.8,0.8,0.9,3
0.8,0.5,0.8,0.7,0.2,0.1,0.5,0.8,0.6,3
0.6,0.7,0.5,0.7,0.6,0.6,0.3,0.3,0.9,4
0.8,0.5,0.6,0.5,0.3,0.1,0.7,0.5,0.5,3
0.7,0.8,0.3,0.1,0.7,0.6,0.8,0.5,0.7,2
0.6,0.5,0.8,0.5,0.6,0.8,0.3,0.3,0.7,4
0.4,0.4,0.8,0.6,0.6,0.8,0.8,0.7,0.8,1
